Температура,Деформация,Время,Напряжение,Угол_град,d_Деформация,d_Время,Скорость_деф
27.75,0.0,0.033,44.5218,0.0,,,
28.25,0.0,0.27,44.5252,0.0,0.0,0.23700000000000002,0.0
28.25,0.0,0.503,44.5234,0.0,0.0,0.23299999999999998,0.0
28.0,0.0,0.736,44.5199,0.0,0.0,0.23299999999999998,0.0
28.25,0.0,0.968,44.5265,0.0,0.0,0.23199999999999998,0.0
28.0,0.0,1.201,44.5292,0.0,0.0,0.2330000000000001,0.0
28.5,0.0,1.434,44.5226,0.0,0.0,0.23299999999999987,0.0
28.0,0.0,1.666,44.5233,0.0,0.0,0.23199999999999998,0.0
28.25,0.0,1.899,44.5254,0.0,0.0,0.2330000000000001,0.0
28.25,0.0,2.132,44.5278,0.0,0.0,0.2330000000000001,0.0
28.0,0.0,2.364,44.5239,0.0,0.0,0.23199999999999976,0.0
28.25,0.0,2.605,44.5261,0.0,0.0,0.2410000000000001,0.0
28.25,0.0,2.838,44.5211,0.0,0.0,0.2330000000000001,0.0
28.0,0.0,3.071,44.5236,0.0,0.0,0.2330000000000001,0.0
28.25,0.0,3.303,44.5258,0.0,0.0,0.23199999999999976,0.0
28.0,0.0,3.536,44.5275,0.0,0.0,0.2330000000000001,0.0
28.25,0.0,3.769,44.5259,0.0,0.0,0.2330000000000001,0.0
28.25,0.0,4.001,44.5252,0.0,0.0,0.2320000000000002,0.0
28.25,0.0,4.234,44.5233,0.0,0.0,0.23299999999999965,0.0
28.0,0.0,4.467,44.5273,0.0,0.0,0.23299999999999965,0.0
27.75,0.0,4.699,44.5216,0.0,0.0,0.2320000000000002,0.0
28.0,0.0,4.932,44.5265,0.0,0.0,0.23300000000000054,0.0
27.75,0.0,5.165,44.5202,0.0,0.0,0.23299999999999965,0.0
27.75,0.0,5.397,44.5257,0.0,0.0,0.2320000000000002,0.0
28.0,0.0,5.63,44.526,0.0,0.0,0.23299999999999965,0.0
28.0,0.0,5.863,44.5246,0.0,0.0,0.23300000000000054,0.0
27.75,0.0,6.095,44.5254,0.0,0.0,0.23199999999999932,0.0
28.25,0.0,6.328,44.5231,0.0,0.0,0.23300000000000054,0.0
28.25,0.0,6.561,44.5274,0.0,0.0,0.23299999999999965,0.0
28.25,0.0,6.793,44.5226,0.0,0.0,0.2320000000000002,0.0
27.75,0.0,7.026,44.5224,0.0,0.0,0.23299999999999965,0.0
27.75,0.0,7.259,44.5285,0.0,0.0,0.23300000000000054,0.0
28.5,0.0,7.491,44.5248,0.0,0.0,0.23199999999999932,0.0
27.75,0.0,7.724,44.527,0.0,0.0,0.23300000000000054,0.0
28.25,0.0,7.957,44.5209,0.0,0.0,0.23299999999999965,0.0
28.5,0.0,8.189,44.5254,0.0,0.0,0.2320000000000002,0.0
28.25,0.0,8.422,44.5292,0.0,0.0,0.23300000000000054,0.0
28.5,0.0,8.655,44.5247,0.0,0.0,0.23299999999999876,0.0
28.25,0.0,8.887,44.5177,0.0,0.0,0.2320000000000011,0.0
28.25,0.0,9.12,44.5222,0.0,0.0,0.23299999999999876,0.0
28.25,0.0,9.353,44.5246,0.0,0.0,0.23300000000000054,0.0
28.0,0.0,9.585,44.5222,0.0,0.0,0.2320000000000011,0.0
28.0,0.0,9.818,44.5223,0.0,0.0,0.23299999999999876,0.0
28.25,0.0,10.051,44.5217,0.0,0.0,0.23300000000000054,0.0
28.25,0.0,10.283,44.5214,0.0,0.0,0.23199999999999932,0.0
28.5,0.0,10.516,44.5257,0.0,0.0,0.23300000000000054,0.0
27.25,0.0,10.749,44.5257,0.0,0.0,0.23300000000000054,0.0
28.25,0.0,10.981,44.5197,0.0,0.0,0.23199999999999932,0.0
27.75,0.0,11.214,44.5205,0.0,0.0,0.23300000000000054,0.0
28.5,0.0,11.447,44.522,0.0,0.0,0.23299999999999876,0.0
28.25,0.0,11.679,44.5279,0.0,0.0,0.2320000000000011,0.0
27.75,0.0,11.912,44.52,0.0,0.0,0.23300000000000054,0.0
28.25,0.0,12.145,44.5205,0.0,0.0,0.23299999999999876,0.0
28.25,0.0,12.377,44.5249,0.0,0.0,0.2320000000000011,0.0
28.0,0.0,12.61,44.5235,0.0,0.0,0.23299999999999876,0.0
28.25,0.0,12.843,44.5221,0.0,0.0,0.23300000000000054,0.0
28.5,0.0,13.075,44.5255,0.0,0.0,0.23199999999999932,0.0
27.75,0.0,13.308,44.5188,0.0,0.0,0.23300000000000054,0.0
28.25,0.0,13.541,44.5275,0.0,0.0,0.23300000000000054,0.0
28.0,0.0,13.773,44.5207,0.0,0.0,0.23199999999999932,0.0
28.0,0.0,14.006,44.5255,0.0,0.0,0.23300000000000054,0.0
28.25,0.0,14.239,44.5276,0.0,0.0,0.23300000000000054,0.0
28.25,0.0,14.471,44.524,0.0,0.0,0.23199999999999932,0.0
28.25,0.0,14.704,44.5286,0.0,0.0,0.23300000000000054,0.0
28.25,0.0,14.937,44.5274,0.0,0.0,0.23299999999999876,0.0
28.25,0.0,15.169,44.5277,0.0,0.0,0.2320000000000011,0.0
28.5,0.0,15.402,44.531,0.0,0.0,0.23299999999999876,0.0
28.0,0.0,15.635,44.5246,0.0,0.0,0.23300000000000054,0.0
28.25,0.0,15.867,44.5248,0.0,0.0,0.2320000000000011,0.0
28.25,0.0,16.1,44.5213,0.0,0.0,0.23300000000000054,0.0
28.25,0.0,16.333,44.5249,0.0,0.0,0.232999999999997,0.0
28.0,0.0,16.565,44.5212,0.0,0.0,0.23200000000000287,0.0
28.5,0.0,16.798,44.5242,0.0,0.0,0.232999999999997,0.0
28.0,0.0,17.031,44.5241,0.0,0.0,0.23300000000000054,0.0
27.5,0.0,17.263,44.5263,0.0,0.0,0.23200000000000287,0.0
28.25,0.0,17.496,44.5241,0.0,0.0,0.232999999999997,0.0
28.25,0.0,17.729,44.5261,0.0,0.0,0.23300000000000054,0.0
27.75,0.0,17.961,44.5224,0.0,0.0,0.23199999999999932,0.0
28.25,0.0,18.194,44.5243,0.0,0.0,0.23300000000000054,0.0
28.25,0.0,18.427,44.5235,0.0,0.0,0.23300000000000054,0.0
28.0,0.0,18.659,44.5212,0.0,0.0,0.23199999999999932,0.0
27.75,0.0,18.892,44.5228,0.0,0.0,0.23300000000000054,0.0
28.5,0.0,19.125,44.5242,0.0,0.0,0.23300000000000054,0.0
28.0,0.0,19.357,44.5243,0.0,0.0,0.23199999999999932,0.0
28.25,0.0,19.59,44.5198,0.0,0.0,0.23300000000000054,0.0
28.25,0.0,19.823,44.5217,0.0,0.0,0.23300000000000054,0.0
28.5,0.0,20.055,44.5152,0.0,0.0,0.23199999999999932,0.0
27.75,0.0,20.288,44.5218,0.0,0.0,0.23300000000000054,0.0
28.25,0.0,20.521,44.5227,0.0,0.0,0.23300000000000054,0.0
28.0,0.0,20.753,44.5206,0.0,0.0,0.23199999999999932,0.0
27.5,0.0,20.986,44.5275,0.0,0.0,0.23300000000000054,0.0
28.25,0.0,21.219,44.5266,0.0,0.0,0.23300000000000054,0.0
28.25,0.0,21.451,44.5176,0.0,0.0,0.23199999999999932,0.0
28.5,0.0,21.684,44.5228,0.0,0.0,0.23300000000000054,0.0
28.0,0.0,21.917,44.5244,0.0,0.0,0.23300000000000054,0.0
28.5,0.0,22.149,44.5199,0.0,0.0,0.23199999999999932,0.0
28.25,0.0,22.382,44.5245,0.0,0.0,0.23300000000000054,0.0
28.25,0.0,22.615,44.5233,0.0,0.0,0.232999999999997,0.0
28.5,0.0,22.847,44.5299,0.0,0.0,0.23200000000000287,0.0
28.5,0.0,23.08,44.5229,0.0,0.0,0.232999999999997,0.0
28.0,0.0,23.313,44.5235,0.0,0.0,0.23300000000000054,0.0
28.25,0.0,23.545,44.5233,0.0,0.0,0.23200000000000287,0.0
28.5,0.0,23.778,44.5249,0.0,0.0,0.232999999999997,0.0
28.5,0.0,24.011,44.5241,0.0,0.0,0.23300000000000054,0.0
28.5,0.0,24.243,44.5273,0.0,0.0,0.23199999999999932,0.0
28.0,0.0,24.476,44.5233,0.0,0.0,0.23300000000000054,0.0
28.5,0.0,24.709,44.5236,0.0,0.0,0.23300000000000054,0.0
28.25,0.0,24.941,44.5213,0.0,0.0,0.23199999999999932,0.0
27.75,0.0,25.174,44.5244,0.0,0.0,0.23300000000000054,0.0
28.5,0.0,25.407,44.5243,0.0,0.0,0.23300000000000054,0.0
27.75,0.0,25.639,44.52,0.0,0.0,0.23199999999999932,0.0
28.0,0.0,25.872,44.5209,0.0,0.0,0.23300000000000054,0.0
28.5,0.0,26.105,44.5219,0.0,0.0,0.23300000000000054,0.0
28.75,0.0,26.337,44.5228,0.0,0.0,0.23199999999999932,0.0
28.5,0.0,26.57,44.5257,0.0,0.0,0.23300000000000054,0.0
28.5,0.0,26.803,44.5188,0.0,0.0,0.23300000000000054,0.0
28.25,0.0,27.035,44.5219,0.0,0.0,0.23199999999999932,0.0
28.5,0.0,27.268,44.5272,0.0,0.0,0.23300000000000054,0.0
27.5,0.0,27.501,44.5215,0.0,0.0,0.23300000000000054,0.0
28.0,0.0,27.733,44.5233,0.0,0.0,0.23199999999999932,0.0
28.25,0.0,27.966,44.5265,0.0,0.0,0.23300000000000054,0.0
28.0,0.0,28.199,44.52,0.0,0.0,0.23300000000000054,0.0
28.5,0.0,28.431,44.5262,0.0,0.0,0.23199999999999932,0.0
28.5,0.0,28.664,44.522,0.0,0.0,0.23300000000000054,0.0
28.5,0.0,28.897,44.5282,0.0,0.0,0.232999999999997,0.0
28.0,0.0,29.129,44.5254,0.0,0.0,0.23200000000000287,0.0
28.5,0.0,29.362,44.5258,0.0,0.0,0.232999999999997,0.0
28.25,0.0,29.595,44.5213,0.0,0.0,0.23300000000000054,0.0
28.25,0.0,29.827,44.5219,0.0,0.0,0.23200000000000287,0.0
28.5,0.0,30.06,44.5235,0.0,0.0,0.232999999999997,0.0
28.5,0.0,30.293,44.5242,0.0,0.0,0.23300000000000054,0.0
28.5,0.0,30.525,44.5229,0.0,0.0,0.23199999999999932,0.0
28.75,0.0,30.758,44.5264,0.0,0.0,0.23300000000000054,0.0
28.75,0.0,30.991,44.5221,0.0,0.0,0.23300000000000054,0.0
28.75,0.0,31.223,44.5259,0.0,0.0,0.23199999999999932,0.0
28.75,0.0,31.456,44.5232,0.0,0.0,0.23300000000000054,0.0
28.5,0.0,31.689,44.5256,0.0,0.0,0.23300000000000054,0.0
28.75,0.0,31.921,44.5267,0.0,0.0,0.23199999999999932,0.0
28.25,0.0,32.154,44.5221,0.0,0.0,0.2330000000000041,0.0
28.5,0.0,32.387,44.5239,0.0,0.0,0.232999999999997,0.0
28.75,0.0,32.619,44.5274,0.0,0.0,0.23199999999999932,0.0
28.5,0.0,32.852,44.5164,0.0,0.0,0.232999999999997,0.0
28.75,0.0,33.085,44.5267,0.0,0.0,0.2330000000000041,0.0
28.75,0.0,33.317,44.5251,0.0,0.0,0.23199999999999932,0.0
28.75,0.0,33.55,44.5187,0.0,0.0,0.232999999999997,0.0
28.5,0.0,33.783,44.5246,0.0,0.0,0.2330000000000041,0.0
28.75,0.0,34.015,44.5256,0.0,0.0,0.23199999999999932,0.0
28.5,0.0,34.248,44.5202,0.0,0.0,0.232999999999997,0.0
29.0,0.0,34.481,44.5215,0.0,0.0,0.2330000000000041,0.0
28.75,0.0,34.713,44.521,0.0,0.0,0.23199999999999932,0.0
29.0,0.0,34.946,44.5225,0.0,0.0,0.232999999999997,0.0
28.5,0.0,35.179,44.5262,0.0,0.0,0.2330000000000041,0.0
28.75,0.0,35.411,44.5273,0.0,0.0,0.23199999999999932,0.0
28.75,0.0,35.644,44.5211,0.0,0.0,0.232999999999997,0.0
28.5,0.0,35.877,44.5253,0.0,0.0,0.2330000000000041,0.0
29.0,0.0,36.109,44.5233,0.0,0.0,0.23199999999999932,0.0
29.0,0.0,36.342,44.529,0.0,0.0,0.232999999999997,0.0
29.0,0.0,36.575,44.5211,0.0,0.0,0.2330000000000041,0.0
29.0,0.0,36.807,44.5196,0.0,0.0,0.23199999999999932,0.0
28.5,0.0,37.04,44.5201,0.0,0.0,0.232999999999997,0.0
28.75,0.0,37.273,44.5286,0.0,0.0,0.2330000000000041,0.0
28.75,0.0,37.505,44.5222,0.0,0.0,0.23199999999999932,0.0
29.0,0.0,37.738,44.5225,0.0,0.0,0.232999999999997,0.0
29.0,0.0,37.971,44.5241,0.0,0.0,0.232999999999997,0.0
28.5,0.0,38.203,44.5235,0.0,0.0,0.23200000000000642,0.0
29.0,0.0,38.436,44.5219,0.0,0.0,0.232999999999997,0.0
28.75,0.0,38.669,44.5225,0.0,0.0,0.232999999999997,0.0
29.0,0.0,38.901,44.5262,0.0,0.0,0.23200000000000642,0.0
29.25,0.0,39.134,44.5219,0.0,0.0,0.232999999999997,0.0
29.25,0.0,39.367,44.5251,0.0,0.0,0.232999999999997,0.0
28.75,0.0,39.599,44.5285,0.0,0.0,0.23199999999999932,0.0
29.25,0.0,39.832,44.5274,0.0,0.0,0.2330000000000041,0.0
29.25,0.0,40.065,44.5189,0.0,0.0,0.232999999999997,0.0
28.5,0.0,40.297,44.5207,0.0,0.0,0.23199999999999932,0.0
28.75,0.0,40.53,44.5223,0.0,0.0,0.2330000000000041,0.0
29.25,0.0,40.763,44.5236,0.0,0.0,0.232999999999997,0.0
29.0,0.0,40.995,44.5228,0.0,0.0,0.23199999999999932,0.0
29.25,0.0,41.228,44.5242,0.0,0.0,0.2330000000000041,0.0
29.0,0.0,41.461,44.5217,0.0,0.0,0.232999999999997,0.0
29.25,0.0,41.693,44.5256,0.0,0.0,0.23199999999999932,0.0
29.25,0.0,41.926,44.5223,0.0,0.0,0.2330000000000041,0.0
29.5,0.0,42.159,44.5265,0.0,0.0,0.232999999999997,0.0
29.25,0.0,42.391,44.5213,0.0,0.0,0.23199999999999932,0.0
29.0,0.0,42.624,44.5263,0.0,0.0,0.2330000000000041,0.0
29.5,0.0,42.857,44.5227,0.0,0.0,0.232999999999997,0.0
28.5,0.0,43.089,44.5225,0.0,0.0,0.23199999999999932,0.0
28.75,0.0,43.322,44.526,0.0,0.0,0.2330000000000041,0.0
29.5,0.0,43.555,44.525,0.0,0.0,0.232999999999997,0.0
29.5,0.0,43.787,44.5264,0.0,0.0,0.23199999999999932,0.0
29.25,0.0,44.02,44.5211,0.0,0.0,0.2330000000000041,0.0
29.75,0.0,44.253,44.5245,0.0,0.0,0.232999999999997,0.0
29.5,0.0,44.485,44.526,0.0,0.0,0.23199999999999932,0.0
29.5,0.0,44.718,44.5294,0.0,0.0,0.2330000000000041,0.0
29.25,0.0,44.951,44.5197,0.0,0.0,0.232999999999997,0.0
29.75,0.0,45.183,44.5233,0.0,0.0,0.23199999999999932,0.0
29.75,0.0,45.416,44.5183,0.0,0.0,0.232999999999997,0.0
29.25,0.0,45.649,44.5229,0.0,0.0,0.2330000000000041,0.0
29.0,0.0,45.881,44.5238,0.0,0.0,0.23199999999999932,0.0
29.75,0.0,46.114,44.5233,0.0,0.0,0.232999999999997,0.0
29.25,0.0,46.347,44.5218,0.0,0.0,0.2330000000000041,0.0
29.5,0.0,46.579,44.5186,0.0,0.0,0.23199999999999932,0.0
29.75,0.0,46.812,44.5205,0.0,0.0,0.232999999999997,0.0
30.0,0.0,47.045,44.5227,0.0,0.0,0.2330000000000041,0.0
29.5,0.0,47.277,44.5212,0.0,0.0,0.23199999999999932,0.0
29.5,0.0,47.51,44.5238,0.0,0.0,0.232999999999997,0.0
30.0,0.0,47.743,44.5193,0.0,0.0,0.2330000000000041,0.0
30.0,0.0,47.975,44.5241,0.0,0.0,0.23199999999999932,0.0
29.75,0.0,48.208,44.5216,0.0,0.0,0.232999999999997,0.0
29.5,0.0,48.441,44.5206,0.0,0.0,0.2330000000000041,0.0
30.25,0.0,48.673,44.5213,0.0,0.0,0.23199999999999932,0.0
30.0,0.0,48.906,44.5242,0.0,0.0,0.232999999999997,0.0
30.25,0.0,49.139,44.5176,0.0,0.0,0.2330000000000041,0.0
30.0,0.0,49.371,44.5254,0.0,0.0,0.23199999999999932,0.0
30.5,0.0,49.604,44.524,0.0,0.0,0.232999999999997,0.0
30.25,0.0,49.837,44.5222,0.0,0.0,0.2330000000000041,0.0
30.0,0.0,50.069,44.5236,0.0,0.0,0.23199999999999932,0.0
30.0,0.0,50.302,44.524,0.0,0.0,0.232999999999997,0.0
30.0,0.0,50.535,44.5244,0.0,0.0,0.232999999999997,0.0
30.5,0.0,50.767,44.5273,0.0,0.0,0.23200000000000642,0.0
30.5,0.0,51.0,44.5208,0.0,0.0,0.232999999999997,0.0
30.0,0.0,51.233,44.5249,0.0,0.0,0.232999999999997,0.0
30.0,0.0,51.465,44.5218,0.0,0.0,0.23200000000000642,0.0
30.75,0.0,51.698,44.5232,0.0,0.0,0.232999999999997,0.0
30.5,0.0,51.931,44.519,0.0,0.0,0.232999999999997,0.0
30.0,0.0,52.163,44.523,0.0,0.0,0.23199999999999932,0.0
30.75,0.0,52.396,44.5208,0.0,0.0,0.2330000000000041,0.0
30.75,0.0,52.629,44.5221,0.0,0.0,0.232999999999997,0.0
31.0,0.0,52.861,44.521,0.0,0.0,0.23199999999999932,0.0
31.0,0.0,53.094,44.5212,0.0,0.0,0.2330000000000041,0.0
30.5,0.0,53.327,44.5256,0.0,0.0,0.232999999999997,0.0
30.75,0.0,53.559,44.5245,0.0,0.0,0.23199999999999932,0.0
31.25,0.0,53.792,44.5204,0.0,0.0,0.2330000000000041,0.0
31.25,0.0,54.025,44.5217,0.0,0.0,0.232999999999997,0.0
31.5,0.0,54.257,44.5177,0.0,0.0,0.23199999999999932,0.0
31.25,0.0,54.49,44.5209,0.0,0.0,0.2330000000000041,0.0
31.5,0.0,54.723,44.5171,0.0,0.0,0.232999999999997,0.0
31.5,0.0,54.955,44.5214,0.0,0.0,0.23199999999999932,0.0
31.5,0.0,55.188,44.5243,0.0,0.0,0.2330000000000041,0.0
31.25,0.0,55.421,44.5226,0.0,0.0,0.232999999999997,0.0
31.0,0.0,55.653,44.5217,0.0,0.0,0.23199999999999932,0.0
31.75,0.0,55.886,44.5195,0.0,0.0,0.2330000000000041,0.0
31.25,0.0,56.119,44.5202,0.0,0.0,0.232999999999997,0.0
31.25,0.0,56.351,44.5253,0.0,0.0,0.23199999999999932,0.0
31.75,0.0,56.584,44.5182,0.0,0.0,0.2330000000000041,0.0
32.0,0.0,56.817,44.5219,0.0,0.0,0.232999999999997,0.0
31.75,0.0,57.049,44.5194,0.0,0.0,0.23199999999999932,0.0
32.0,0.0,57.282,44.5243,0.0,0.0,0.232999999999997,0.0
31.75,0.0,57.515,44.5223,0.0,0.0,0.2330000000000041,0.0
32.0,0.0,57.747,44.5228,0.0,0.0,0.23199999999999932,0.0
32.25,0.0,57.98,44.5258,0.0,0.0,0.232999999999997,0.0
31.75,0.0,58.213,44.5228,0.0,0.0,0.2330000000000041,0.0
32.5,0.0,58.445,44.5176,0.0,0.0,0.23199999999999932,0.0
32.25,0.0,58.678,44.5241,0.0,0.0,0.232999999999997,0.0
31.75,0.0,58.911,44.5173,0.0,0.0,0.2330000000000041,0.0
32.5,0.0,59.143,44.5222,0.0,0.0,0.23199999999999932,0.0
32.5,0.0,59.376,44.5215,0.0,0.0,0.232999999999997,0.0
32.75,0.0,59.609,44.5221,0.0,0.0,0.2330000000000041,0.0
32.75,0.0,59.841,44.5225,0.0,0.0,0.23199999999999932,0.0
32.5,0.0,60.074,44.5233,0.0,0.0,0.232999999999997,0.0
32.75,0.0,60.307,44.5209,0.0,0.0,0.2330000000000041,0.0
33.0,0.0,60.539,44.5184,0.0,0.0,0.23199999999999932,0.0
32.75,0.0,60.772,44.5187,0.0,0.0,0.232999999999997,0.0
32.75,0.0,61.005,44.5253,0.0,0.0,0.2330000000000041,0.0
33.0,0.0,61.237,44.5201,0.0,0.0,0.23199999999999932,0.0
32.75,0.0,61.47,44.525,0.0,0.0,0.232999999999997,0.0
33.25,0.0,61.703,44.5212,0.0,0.0,0.2330000000000041,0.0
33.5,0.0,61.935,44.5186,0.0,0.0,0.23199999999999932,0.0
33.25,0.0,62.168,44.5215,0.0,0.0,0.232999999999997,0.0
33.5,0.0,62.401,44.5235,0.0,0.0,0.2330000000000041,0.0
33.75,0.0,62.633,44.5235,0.0,0.0,0.23199999999999932,0.0
33.0,0.0,62.866,44.5199,0.0,0.0,0.232999999999997,0.0
33.5,0.0,63.099,44.5137,0.0,0.0,0.232999999999997,0.0
34.0,0.0,63.331,44.5224,0.0,0.0,0.23200000000000642,0.0
34.0,0.0,63.564,44.5176,0.0,0.0,0.232999999999997,0.0
34.0,0.0,63.797,44.5242,0.0,0.0,0.232999999999997,0.0
34.25,0.0,64.029,44.5209,0.0,0.0,0.23199999999999932,0.0
34.0,0.0,64.262,44.5188,0.0,0.0,0.2330000000000041,0.0
34.25,0.0,64.495,44.523,0.0,0.0,0.2330000000000041,0.0
34.5,0.0,64.727,44.5205,0.0,0.0,0.23199999999999932,0.0
34.5,0.0,64.96,44.5225,0.0,0.0,0.23299999999998988,0.0
34.5,0.0,65.193,44.5217,0.0,0.0,0.2330000000000041,0.0
34.0,0.0,65.425,44.5196,0.0,0.0,0.23199999999999932,0.0
34.75,0.0,65.658,44.524,0.0,0.0,0.2330000000000041,0.0
34.5,0.0,65.891,44.5204,0.0,0.0,0.2330000000000041,0.0
35.0,0.0,66.123,44.5193,0.0,0.0,0.23199999999999932,0.0
35.0,0.0,66.356,44.5227,0.0,0.0,0.23299999999998988,0.0
35.25,0.0,66.589,44.521,0.0,0.0,0.2330000000000041,0.0
34.75,0.0,66.821,44.528,0.0,0.0,0.23199999999999932,0.0
35.5,0.0,67.054,44.5221,0.0,0.0,0.2330000000000041,0.0
35.5,0.0,67.287,44.5205,0.0,0.0,0.2330000000000041,0.0
34.75,0.0,67.519,44.5165,0.0,0.0,0.23199999999999932,0.0
35.75,0.0,67.752,44.5216,0.0,0.0,0.23299999999998988,0.0
35.75,0.0,67.985,44.5215,0.0,0.0,0.2330000000000041,0.0
35.75,0.0,68.217,44.5183,0.0,0.0,0.23199999999999932,0.0
36.0,0.0,68.45,44.5176,0.0,0.0,0.2330000000000041,0.0
35.75,0.0,68.683,44.5209,0.0,0.0,0.2330000000000041,0.0
35.75,0.0,68.915,44.5188,0.0,0.0,0.23199999999999932,0.0
36.25,0.0,69.148,44.5205,0.0,0.0,0.23299999999998988,0.0
36.25,0.0,69.381,44.5198,0.0,0.0,0.2330000000000041,0.0
36.0,0.0,69.613,44.5211,0.0,0.0,0.23199999999999932,0.0
36.5,0.0,69.846,44.5207,0.0,0.0,0.2330000000000041,0.0
36.25,0.0,70.079,44.521,0.0,0.0,0.23299999999998988,0.0
36.75,0.0,70.311,44.5221,0.0,0.0,0.23200000000001353,0.0
36.5,0.0,70.544,44.5245,0.0,0.0,0.23299999999998988,0.0
36.75,0.0,70.777,44.5256,0.0,0.0,0.2330000000000041,0.0
37.25,0.0,71.009,44.5261,0.0,0.0,0.23199999999999932,0.0
37.0,0.0,71.242,44.5189,0.0,0.0,0.2330000000000041,0.0
37.0,0.0,71.475,44.522,0.0,0.0,0.23299999999998988,0.0
37.25,0.0,71.707,44.5229,0.0,0.0,0.23199999999999932,0.0
36.75,0.0,71.94,44.5205,0.0,0.0,0.2330000000000041,0.0
37.25,0.0,72.173,44.5189,0.0,0.0,0.2330000000000041,0.0
37.0,0.0,72.405,44.5208,0.0,0.0,0.23199999999999932,0.0
37.75,0.0,72.638,44.5221,0.0,0.0,0.2330000000000041,0.0
37.25,0.0,72.871,44.5194,0.0,0.0,0.23299999999998988,0.0
37.75,0.0,73.103,44.5193,0.0,0.0,0.23199999999999932,0.0
38.0,0.0,73.336,44.5243,0.0,0.0,0.2330000000000041,0.0
37.75,0.0,73.569,44.5168,0.0,0.0,0.2330000000000041,0.0
37.75,0.0,73.801,44.5262,0.0,0.0,0.23199999999999932,0.0
38.75,0.0,74.034,44.5194,0.0,0.0,0.2330000000000041,0.0
38.5,0.0,74.267,44.5203,0.0,0.0,0.23299999999998988,0.0
38.75,0.0,74.499,44.5219,0.0,0.0,0.23199999999999932,0.0
38.5,0.0,74.732,44.5172,0.0,0.0,0.2330000000000041,0.0
38.75,0.0,74.965,44.5225,0.0,0.0,0.2330000000000041,0.0
39.0,0.0,75.197,44.5239,0.0,0.0,0.23199999999999932,0.0
39.0,0.0,75.43,44.5205,0.0,0.0,0.2330000000000041,0.0
39.0,0.0,75.663,44.5162,0.0,0.0,0.23299999999998988,0.0
39.25,0.0,75.895,44.5216,0.0,0.0,0.23199999999999932,0.0
39.5,0.0,76.128,44.519,0.0,0.0,0.2330000000000041,0.0
39.0,0.0,76.361,44.5173,0.0,0.0,0.2330000000000041,0.0
39.25,0.0,76.593,44.5206,0.0,0.0,0.23199999999999932,0.0
39.75,0.0,76.826,44.5144,0.0,0.0,0.23299999999998988,0.0
39.25,0.0,77.059,44.5195,0.0,0.0,0.2330000000000041,0.0
40.0,0.0,77.291,44.5203,0.0,0.0,0.23199999999999932,0.0
40.0,0.0,77.524,44.5172,0.0,0.0,0.2330000000000041,0.0
39.75,0.0,77.757,44.5211,0.0,0.0,0.2330000000000041,0.0
40.25,0.0,77.989,44.5208,0.0,0.0,0.23199999999999932,0.0
40.0,0.0,78.222,44.5239,0.0,0.0,0.23299999999998988,0.0
40.25,0.0,78.455,44.5195,0.0,0.0,0.2330000000000041,0.0
39.75,0.0,78.687,44.5197,0.0,0.0,0.23199999999999932,0.0
40.75,0.0,78.92,44.5185,0.0,0.0,0.2330000000000041,0.0
40.75,0.0,79.153,44.5253,0.0,0.0,0.2330000000000041,0.0
40.75,0.0,79.385,44.5248,0.0,0.0,0.23199999999999932,0.0
40.75,0.0,79.618,44.5208,0.0,0.0,0.23299999999998988,0.0
41.25,0.0,79.851,44.5175,0.0,0.0,0.2330000000000041,0.0
41.0,0.0,80.083,44.5195,0.0,0.0,0.23199999999999932,0.0
41.5,0.0,80.316,44.519,0.0,0.0,0.2330000000000041,0.0
41.25,0.0,80.549,44.5186,0.0,0.0,0.2330000000000041,0.0
41.75,0.0,80.781,44.5146,0.0,0.0,0.23199999999999932,0.0
41.75,0.0,81.014,44.5186,0.0,0.0,0.23299999999998988,0.0
41.0,0.0,81.247,44.5198,0.0,0.0,0.2330000000000041,0.0
42.0,0.0,81.479,44.5208,0.0,0.0,0.23199999999999932,0.0
42.25,0.0,81.712,44.5211,0.0,0.0,0.2330000000000041,0.0
41.75,0.0,81.945,44.5179,0.0,0.0,0.23299999999998988,0.0
42.25,0.0,82.177,44.5194,0.0,0.0,0.23200000000001353,0.0
42.25,0.0,82.41,44.521,0.0,0.0,0.23299999999998988,0.0
42.5,0.0,82.643,44.5201,0.0,0.0,0.2330000000000041,0.0
42.75,0.0,82.875,44.5217,0.0,0.0,0.23199999999999932,0.0
42.5,0.0,83.108,44.5199,0.0,0.0,0.2330000000000041,0.0
43.0,0.0,83.341,44.5199,0.0,0.0,0.23299999999998988,0.0
42.5,0.0,83.573,44.5224,0.0,0.0,0.23199999999999932,0.0
43.25,0.0,83.806,44.5181,0.0,0.0,0.2330000000000041,0.0
43.25,0.0,84.039,44.5149,0.0,0.0,0.2330000000000041,0.0
43.75,0.0,84.271,44.519,0.0,0.0,0.23199999999999932,0.0
43.5,0.0,84.504,44.5199,0.0,0.0,0.2330000000000041,0.0
43.5,0.0,84.737,44.5139,0.0,0.0,0.23299999999998988,0.0
43.75,0.0,84.969,44.5218,0.0,0.0,0.23199999999999932,0.0
44.25,0.0,85.202,44.5174,0.0,0.0,0.2330000000000041,0.0
44.0,0.0,85.435,44.5203,0.0,0.0,0.2330000000000041,0.0
44.5,0.0,85.667,44.5228,0.0,0.0,0.23199999999999932,0.0
44.5,0.0,85.9,44.5185,0.0,0.0,0.2330000000000041,0.0
44.75,0.0,86.133,44.5214,0.0,0.0,0.23299999999998988,0.0
44.75,0.0,86.365,44.5153,0.0,0.0,0.23199999999999932,0.0
44.25,0.0,86.598,44.5134,0.0,0.0,0.2330000000000041,0.0
45.25,0.0,86.831,44.519,0.0,0.0,0.2330000000000041,0.0
44.5,0.0,87.063,44.5175,0.0,0.0,0.23199999999999932,0.0
45.5,0.0,87.296,44.5188,0.0,0.0,0.2330000000000041,0.0
45.0,0.0,87.529,44.5202,0.0,0.0,0.23299999999998988,0.0
45.5,0.0,87.761,44.5174,0.0,0.0,0.23199999999999932,0.0
45.5,0.0,87.994,44.5246,0.0,0.0,0.2330000000000041,0.0
45.5,0.0,88.227,44.5218,0.0,0.0,0.2330000000000041,0.0
46.0,0.0,88.459,44.5199,0.0,0.0,0.23199999999999932,0.0
45.75,0.0,88.692,44.5174,0.0,0.0,0.23299999999998988,0.0
46.5,0.0,88.925,44.5195,0.0,0.0,0.2330000000000041,0.0
46.0,0.0,89.157,44.5246,0.0,0.0,0.23199999999999932,0.0
46.5,0.0,89.39,44.5199,0.0,0.0,0.2330000000000041,0.0
46.75,0.0,89.623,44.5143,0.0,0.0,0.2330000000000041,0.0
46.5,0.0,89.855,44.5213,0.0,0.0,0.23199999999999932,0.0
47.0,0.0,90.088,44.5193,0.0,0.0,0.23299999999998988,0.0
47.0,0.0,90.321,44.5184,0.0,0.0,0.2330000000000041,0.0
47.0,0.0,90.553,44.517,0.0,0.0,0.23199999999999932,0.0
47.5,0.0,90.786,44.5208,0.0,0.0,0.2330000000000041,0.0
47.5,0.0,91.019,44.5167,0.0,0.0,0.2330000000000041,0.0
47.5,0.0,91.251,44.517,0.0,0.0,0.23199999999999932,0.0
48.0,0.0,91.484,44.519,0.0,0.0,0.23299999999998988,0.0
47.75,0.0,91.717,44.5207,0.0,0.0,0.2330000000000041,0.0
47.75,0.0,91.949,44.5221,0.0,0.0,0.23199999999999932,0.0
48.5,0.0,92.182,44.5236,0.0,0.0,0.2330000000000041,0.0
47.75,0.0,92.415,44.518,0.0,0.0,0.2330000000000041,0.0
48.75,0.0,92.647,44.5207,0.0,0.0,0.23199999999999932,0.0
48.5,0.0,92.88,44.521,0.0,0.0,0.23299999999998988,0.0
49.0,0.0,93.113,44.5197,0.0,0.0,0.2330000000000041,0.0
48.5,0.0,93.345,44.5146,0.0,0.0,0.23199999999999932,0.0
49.25,0.0,93.578,44.517,0.0,0.0,0.2330000000000041,0.0
49.25,0.0,93.811,44.5176,0.0,0.0,0.2330000000000041,0.0
49.5,0.0,94.043,44.52,0.0,0.0,0.23199999999999932,0.0
49.75,0.0,94.276,44.5186,0.0,0.0,0.23299999999998988,0.0
49.5,0.0,94.509,44.5213,0.0,0.0,0.2330000000000041,0.0
49.5,0.0,94.741,44.5227,0.0,0.0,0.23199999999999932,0.0
49.75,0.0,94.974,44.5182,0.0,0.0,0.2330000000000041,0.0
50.25,0.0,95.207,44.5177,0.0,0.0,0.23299999999998988,0.0
50.5,0.0,95.439,44.5197,0.0,0.0,0.23199999999999932,0.0
50.25,0.0,95.672,44.521,0.0,0.0,0.2330000000000041,0.0
50.75,0.0,95.905,44.5165,0.0,0.0,0.2330000000000041,0.0
50.75,0.0,96.137,44.5177,0.0,0.0,0.23199999999999932,0.0
51.0,0.0,96.37,44.5219,0.0,0.0,0.2330000000000041,0.0
51.0,0.0,96.603,44.5233,0.0,0.0,0.23299999999998988,0.0
51.0,0.0,96.835,44.5226,0.0,0.0,0.23199999999999932,0.0
51.5,0.0,97.068,44.5232,0.0,0.0,0.2330000000000041,0.0
51.5,0.0,97.301,44.5186,0.0,0.0,0.2330000000000041,0.0
51.75,0.0,97.533,44.5183,0.0,0.0,0.23199999999999932,0.0
51.75,0.0,97.766,44.5165,0.0,0.0,0.2330000000000041,0.0
52.0,0.0,97.999,44.5201,0.0,0.0,0.23299999999998988,0.0
52.25,0.0,98.231,44.5192,0.0,0.0,0.23199999999999932,0.0
52.0,0.0,98.464,44.5165,0.0,0.0,0.2330000000000041,0.0
52.0,0.0,98.697,44.5239,0.0,0.0,0.2330000000000041,0.0
52.75,0.0,98.929,44.5214,0.0,0.0,0.23199999999999932,0.0
52.25,0.0,99.162,44.5197,0.0,0.0,0.2330000000000041,0.0
52.75,0.0,99.395,44.5228,0.0,0.0,0.23299999999998988,0.0
53.25,0.0,99.627,44.5251,0.0,0.0,0.23199999999999932,0.0
52.75,0.0,99.86,44.5249,0.0,0.0,0.2330000000000041,0.0
53.25,0.0,100.093,44.5184,0.0,0.0,0.2330000000000041,0.0
53.5,0.0,100.325,44.5166,0.0,0.0,0.23199999999999932,0.0
53.25,0.0,100.558,44.5189,0.0,0.0,0.2330000000000041,0.0
54.0,0.0,100.791,44.5173,0.0,0.0,0.23299999999998988,0.0
53.75,0.0,101.023,44.5202,0.0,0.0,0.23199999999999932,0.0
54.0,0.0,101.256,44.5211,0.0,0.0,0.2330000000000041,0.0
54.25,0.0,101.489,44.5213,0.0,0.0,0.2330000000000041,0.0
54.5,0.0,101.721,44.5206,0.0,0.0,0.23199999999999932,0.0
54.75,0.0,101.954,44.5233,0.0,0.0,0.23299999999998988,0.0
54.75,0.0,102.187,44.5203,0.0,0.0,0.2330000000000041,0.0
55.0,0.0,102.419,44.5157,0.0,0.0,0.23199999999999932,0.0
55.25,0.0,102.652,44.5184,0.0,0.0,0.2330000000000041,0.0
55.25,0.0,102.885,44.5224,0.0,0.0,0.2330000000000041,0.0
54.75,0.0,103.117,44.5195,0.0,0.0,0.23199999999999932,0.0
55.5,0.0,103.35,44.5219,0.0,0.0,0.23299999999998988,0.0
55.75,0.0,103.583,44.5205,0.0,0.0,0.2330000000000041,0.0
55.5,0.0,103.815,44.5217,0.0,0.0,0.23199999999999932,0.0
55.5,0.0,104.048,44.5155,0.0,0.0,0.2330000000000041,0.0
56.0,0.0,104.281,44.5211,0.0,0.0,0.2330000000000041,0.0
56.0,0.0,104.513,44.5199,0.0,0.0,0.23199999999999932,0.0
56.5,0.0,104.746,44.5188,0.0,0.0,0.23299999999998988,0.0
56.5,0.0,104.979,44.5155,0.0,0.0,0.2330000000000041,0.0
56.0,0.0,105.211,44.5222,0.0,0.0,0.23199999999999932,0.0
57.0,0.0,105.444,44.5215,0.0,0.0,0.2330000000000041,0.0
57.0,0.0,105.677,44.5231,0.0,0.0,0.2330000000000041,0.0
57.25,0.0,105.909,44.5135,0.0,0.0,0.23199999999999932,0.0
57.25,0.0,106.142,44.5225,0.0,0.0,0.23299999999998988,0.0
57.75,0.0,106.375,44.516,0.0,0.0,0.2330000000000041,0.0
57.75,0.0,106.607,44.5154,0.0,0.0,0.23199999999999932,0.0
58.0,0.0,106.84,44.522,0.0,0.0,0.2330000000000041,0.0
57.75,0.0,107.073,44.5224,0.0,0.0,0.23299999999998988,0.0
58.0,0.0,107.305,44.52,0.0,0.0,0.23200000000001353,0.0
58.5,0.0,107.538,44.5173,0.0,0.0,0.23299999999998988,0.0
58.25,0.0,107.771,44.523,0.0,0.0,0.2330000000000041,0.0
58.75,0.0,108.003,44.5165,0.0,0.0,0.23199999999999932,0.0
59.0,0.0,108.236,44.5143,0.0,0.0,0.2330000000000041,0.0
59.25,0.0,108.469,44.5207,0.0,0.0,0.23299999999998988,0.0
59.0,0.0,108.701,44.5212,0.0,0.0,0.23199999999999932,0.0
59.5,0.0,108.934,44.5164,0.0,0.0,0.2330000000000041,0.0
59.25,0.0,109.167,44.5159,0.0,0.0,0.2330000000000041,0.0
60.0,0.0,109.399,44.5198,0.0,0.0,0.23199999999999932,0.0
59.5,0.0,109.632,44.5203,0.0,0.0,0.2330000000000041,0.0
60.0,0.0,109.865,44.5197,0.0,0.0,0.23299999999998988,0.0
60.25,0.0,110.097,44.5197,0.0,0.0,0.23199999999999932,0.0
60.5,0.0,110.33,44.5158,0.0,0.0,0.2330000000000041,0.0
60.75,0.0,110.563,44.5176,0.0,0.0,0.2330000000000041,0.0
60.75,0.0,110.795,44.5184,0.0,0.0,0.23199999999999932,0.0
61.0,0.0,111.028,44.5257,0.0,0.0,0.2330000000000041,0.0
61.5,0.0,111.261,44.5193,0.0,0.0,0.23299999999998988,0.0
61.25,0.0,111.493,44.5148,0.0,0.0,0.23199999999999932,0.0
61.25,0.0,111.726,44.5153,0.0,0.0,0.2330000000000041,0.0
61.25,0.0,111.959,44.5192,0.0,0.0,0.2330000000000041,0.0
61.75,0.0,112.191,44.5208,0.0,0.0,0.23199999999999932,0.0
61.75,0.0,112.424,44.5217,0.0,0.0,0.2330000000000041,0.0
62.25,0.0,112.657,44.5234,0.0,0.0,0.23299999999998988,0.0
61.5,0.0,112.889,44.5219,0.0,0.0,0.23199999999999932,0.0
62.25,0.0,113.122,44.5146,0.0,0.0,0.2330000000000041,0.0
62.5,0.0,113.355,44.524,0.0,0.0,0.2330000000000041,0.0
63.0,0.0,113.587,44.5203,0.0,0.0,0.23199999999999932,0.0
62.75,0.0,113.82,44.5185,0.0,0.0,0.23299999999998988,0.0
62.75,0.0,114.053,44.5188,0.0,0.0,0.2330000000000041,0.0
63.5,0.0,114.285,44.5158,0.0,0.0,0.23199999999999932,0.0
63.75,0.0,114.518,44.5224,0.0,0.0,0.2330000000000041,0.0
63.75,0.0,114.751,44.5175,0.0,0.0,0.2330000000000041,0.0
63.5,0.0,114.983,44.5178,0.0,0.0,0.23199999999999932,0.0
64.25,0.0,115.216,44.5211,0.0,0.0,0.23299999999998988,0.0
64.25,0.0,115.449,44.5173,0.0,0.0,0.2330000000000041,0.0
64.25,0.0,115.681,44.5194,0.0,0.0,0.23199999999999932,0.0
64.5,0.0,115.914,44.5165,0.0,0.0,0.2330000000000041,0.0
64.75,0.0,116.147,44.5221,0.0,0.0,0.2330000000000041,0.0
65.0,0.0,116.379,44.5218,0.0,0.0,0.23199999999999932,0.0
65.25,0.0,116.612,44.518,0.0,0.0,0.23299999999998988,0.0
65.25,0.0,116.845,44.5215,0.0,0.0,0.2330000000000041,0.0
65.75,0.0,117.077,44.5186,0.0,0.0,0.23199999999999932,0.0
65.75,0.0,117.31,44.5163,0.0,0.0,0.2330000000000041,0.0
66.5,0.0,117.543,44.5156,0.0,0.0,0.2330000000000041,0.0
67.0,0.0,117.775,44.5162,0.0,0.0,0.23199999999999932,0.0
67.5,0.0,118.008,44.5172,0.0,0.0,0.23299999999998988,0.0
67.75,0.0,118.241,44.5228,0.0,0.0,0.2330000000000041,0.0
67.25,0.0,118.473,44.5197,0.0,0.0,0.23199999999999932,0.0
67.75,0.0,118.706,44.5198,0.0,0.0,0.2330000000000041,0.0
67.5,0.0,118.939,44.5216,0.0,0.0,0.23299999999998988,0.0
68.25,0.0,119.171,44.5203,0.0,0.0,0.23200000000001353,0.0
68.0,0.0,119.404,44.5187,0.0,0.0,0.23299999999998988,0.0
68.5,0.0,119.637,44.5192,0.0,0.0,0.2330000000000041,0.0
68.5,0.0,119.869,44.5202,0.0,0.0,0.23199999999999932,0.0
68.75,0.0,120.102,44.5187,0.0,0.0,0.2330000000000041,0.0
68.5,0.0,120.335,44.5185,0.0,0.0,0.23299999999998988,0.0
68.75,0.0,120.567,44.5169,0.0,0.0,0.23199999999999932,0.0
69.5,0.0,120.8,44.5153,0.0,0.0,0.2330000000000041,0.0
70.25,0.0,121.033,44.5217,0.0,0.0,0.2330000000000041,0.0
70.0,0.0,121.265,44.5119,0.0,0.0,0.23199999999999932,0.0
72.25,0.0,121.498,44.5182,0.0,0.0,0.2330000000000041,0.0
72.5,0.0,121.731,44.5173,0.0,0.0,0.23299999999998988,0.0
73.75,0.0,121.963,44.5243,0.0,0.0,0.23199999999999932,0.0
72.25,0.0,122.196,44.5207,0.0,0.0,0.2330000000000041,0.0
72.25,0.0,122.429,44.5214,0.0,0.0,0.2330000000000041,0.0
72.25,0.0,122.661,44.5197,0.0,0.0,0.23199999999999932,0.0
72.25,0.0,122.894,44.5152,0.0,0.0,0.2330000000000041,0.0
72.25,0.0,123.127,44.5169,0.0,0.0,0.23299999999998988,0.0
72.75,0.0,123.359,44.5217,0.0,0.0,0.23199999999999932,0.0
72.75,0.0,123.592,44.5178,0.0,0.0,0.2330000000000041,0.0
73.0,0.0,123.825,44.5233,0.0,0.0,0.2330000000000041,0.0
72.75,0.0,124.057,44.5166,0.0,0.0,0.23199999999999932,0.0
72.75,0.0,124.29,44.5199,0.0,0.0,0.2330000000000041,0.0
73.25,0.0,124.523,44.5188,0.0,0.0,0.23299999999998988,0.0
73.25,0.0,124.755,44.5188,0.0,0.0,0.23199999999999932,0.0
73.5,0.0,124.988,44.5186,0.0,0.0,0.2330000000000041,0.0
73.75,0.0,125.221,44.5178,0.0,0.0,0.2330000000000041,0.0
73.75,0.0,125.453,44.519,0.0,0.0,0.23199999999999932,0.0
74.0,0.0,125.686,44.5152,0.0,0.0,0.2330000000000041,0.0
73.75,0.0,125.919,44.5197,0.0,0.0,0.23299999999998988,0.0
74.5,0.0,126.151,44.5189,0.0,0.0,0.23199999999999932,0.0
74.75,0.0,126.384,44.5208,0.0,0.0,0.2330000000000041,0.0
74.5,0.0,126.617,44.5221,0.0,0.0,0.2330000000000041,0.0
74.75,0.0,126.849,44.5173,0.0,0.0,0.23199999999999932,0.0
75.0,0.0,127.082,44.5136,0.0,0.0,0.23299999999998988,0.0
75.75,0.0,127.315,44.5159,0.0,0.0,0.2330000000000041,0.0
75.25,0.0,127.547,44.5203,0.0,0.0,0.23199999999999932,0.0
75.25,0.0,127.78,44.5193,0.0,0.0,0.2330000000000041,0.0
76.0,0.0,128.013,44.5195,0.0,0.0,0.2330000000000041,0.0
76.25,0.0,128.245,44.5209,0.0,0.0,0.23199999999999932,0.0
76.5,0.0,128.478,44.5201,0.0,0.0,0.2330000000000041,0.0
76.0,0.0,128.711,44.5156,0.0,0.0,0.2330000000000041,0.0
76.5,0.0,128.943,44.5173,0.0,0.0,0.23199999999999932,0.0
77.0,0.0,129.176,44.5197,0.0,0.0,0.23299999999997567,0.0
77.25,0.0,129.409,44.5192,0.0,0.0,0.2330000000000041,0.0
77.0,0.0,129.641,44.5232,0.0,0.0,0.23199999999999932,0.0
77.25,0.0,129.874,44.5117,0.0,0.0,0.2330000000000041,0.0
77.5,0.0,130.107,44.5171,0.0,0.0,0.2330000000000041,0.0
77.75,0.0,130.339,44.5194,0.0,0.0,0.23199999999999932,0.0
78.0,0.0,130.572,44.5219,0.0,0.0,0.2330000000000041,0.0
77.5,0.0,130.805,44.5165,0.0,0.0,0.2330000000000041,0.0
78.0,0.0,131.037,44.5202,0.0,0.0,0.23199999999999932,0.0
77.75,0.0,131.27,44.5143,0.0,0.0,0.2330000000000041,0.0
78.5,0.0,131.503,44.5197,0.0,0.0,0.23299999999997567,0.0
78.75,0.0,131.735,44.515,0.0,0.0,0.23200000000002774,0.0
78.75,0.0,131.968,44.5171,0.0,0.0,0.23299999999997567,0.0
79.0,0.0,132.201,44.5185,0.0,0.0,0.2330000000000041,0.0
79.5,0.0,132.433,44.5225,0.0,0.0,0.23199999999999932,0.0
79.5,0.0,132.666,44.5158,0.0,0.0,0.2330000000000041,0.0
79.75,0.0,132.899,44.5152,0.0,0.0,0.2330000000000041,0.0
79.75,0.0,133.131,44.5175,0.0,0.0,0.23199999999999932,0.0
79.5,0.0,133.364,44.5193,0.0,0.0,0.2330000000000041,0.0
80.0,0.0,133.597,44.518,0.0,0.0,0.2330000000000041,0.0
80.5,0.0,133.829,44.5209,0.0,0.0,0.23199999999999932,0.0
80.25,0.0,134.062,44.5113,0.0,0.0,0.2330000000000041,0.0
80.75,0.0,134.295,44.5204,0.0,0.0,0.23299999999997567,0.0
80.5,0.0,134.527,44.5244,0.0,0.0,0.23199999999999932,0.0
81.0,0.0,134.76,44.5149,0.0,0.0,0.2330000000000041,0.0
81.5,0.0,134.993,44.5204,0.0,0.0,0.2330000000000041,0.0
80.75,0.0,135.225,44.5199,0.0,0.0,0.23199999999999932,0.0
81.75,0.0,135.458,44.5157,0.0,0.0,0.2330000000000041,0.0
82.0,0.0,135.691,44.5194,0.0,0.0,0.2330000000000041,0.0
82.25,0.0,135.923,44.5153,0.0,0.0,0.23199999999999932,0.0
82.5,0.0,136.156,44.5197,0.0,0.0,0.2330000000000041,0.0
82.75,0.0,136.389,44.5174,0.0,0.0,0.2330000000000041,0.0
82.25,0.0,136.621,44.5154,0.0,0.0,0.23199999999999932,0.0
83.0,0.0,136.854,44.5128,0.0,0.0,0.2330000000000041,0.0
82.75,0.0,137.087,44.5127,0.0,0.0,0.23299999999997567,0.0
82.75,0.0,137.319,44.5175,0.0,0.0,0.23199999999999932,0.0
83.0,0.0,137.552,44.5186,0.0,0.0,0.2330000000000041,0.0
83.5,0.0,137.785,44.52,0.0,0.0,0.2330000000000041,0.0
83.75,0.0,138.017,44.5188,0.0,0.0,0.23199999999999932,0.0
83.75,0.0,138.25,44.5161,0.0,0.0,0.2330000000000041,0.0
84.25,0.0,138.483,44.5144,0.0,0.0,0.2330000000000041,0.0
84.25,0.0,138.715,44.5121,0.0,0.0,0.23199999999999932,0.0
84.25,0.0,138.948,44.5139,0.0,0.0,0.2330000000000041,0.0
84.25,0.0,139.181,44.5153,0.0,0.0,0.2330000000000041,0.0
85.0,0.0,139.413,44.52,0.0,0.0,0.23199999999999932,0.0
84.75,0.0,139.646,44.5194,0.0,0.0,0.23299999999997567,0.0
85.25,0.0,139.879,44.5144,0.0,0.0,0.2330000000000041,0.0
85.5,0.0,140.111,44.5184,0.0,0.0,0.23199999999999932,0.0
85.0,0.0,140.344,44.5139,0.0,0.0,0.2330000000000041,0.0
85.75,0.0,140.577,44.5143,0.0,0.0,0.2330000000000041,0.0
86.25,0.0,140.809,44.5163,0.0,0.0,0.23199999999999932,0.0
86.25,0.0,141.042,44.5157,0.0,0.0,0.2330000000000041,0.0
86.25,0.0,141.275,44.5197,0.0,0.0,0.2330000000000041,0.0
86.25,0.0,141.507,44.5176,0.0,0.0,0.23199999999999932,0.0
86.5,0.0,141.74,44.5174,0.0,0.0,0.2330000000000041,0.0
87.0,0.0,141.973,44.5159,0.0,0.0,0.2330000000000041,0.0
86.5,0.0,142.205,44.5206,0.0,0.0,0.23199999999999932,0.0
87.5,0.0,142.438,44.5171,0.0,0.0,0.23299999999997567,0.0
87.25,0.0,142.671,44.5175,0.0,0.0,0.2330000000000041,0.0
87.75,0.0,142.903,44.5172,0.0,0.0,0.23199999999999932,0.0
87.25,0.0,143.136,44.5187,0.0,0.0,0.2330000000000041,0.0
87.5,0.0,143.369,44.5189,0.0,0.0,0.2330000000000041,0.0
88.25,0.0,143.601,44.5168,0.0,0.0,0.23199999999999932,0.0
88.25,0.0,143.834,44.5224,0.0,0.0,0.2330000000000041,0.0
88.75,0.0,144.067,44.5179,0.0,0.0,0.2330000000000041,0.0
88.75,0.0,144.299,44.5178,0.0,0.0,0.23199999999999932,0.0
89.0,0.0,144.532,44.5164,0.0,0.0,0.2330000000000041,0.0
89.25,0.0,144.765,44.5184,0.0,0.0,0.23299999999997567,0.0
89.5,0.0,144.997,44.5136,0.0,0.0,0.23200000000002774,0.0
89.5,0.0,145.23,44.5188,0.0,0.0,0.23299999999997567,0.0
89.75,0.0,145.463,44.5141,0.0,0.0,0.2330000000000041,0.0
90.0,0.0,145.695,44.5167,0.0,0.0,0.23199999999999932,0.0
90.0,0.0,145.928,44.5211,0.0,0.0,0.2330000000000041,0.0
90.0,0.0,146.161,44.515,0.0,0.0,0.2330000000000041,0.0
90.25,0.0,146.393,44.5175,0.0,0.0,0.23199999999999932,0.0
90.25,0.0,146.626,44.5171,0.0,0.0,0.2330000000000041,0.0
90.5,0.0,146.859,44.5179,0.0,0.0,0.2330000000000041,0.0
90.75,0.0,147.091,44.5154,0.0,0.0,0.23199999999999932,0.0
90.75,0.0,147.324,44.5143,0.0,0.0,0.2330000000000041,0.0
91.0,0.0,147.557,44.5195,0.0,0.0,0.23299999999997567,0.0
91.5,0.0,147.789,44.5209,0.0,0.0,0.23199999999999932,0.0
92.0,0.0,148.022,44.5173,0.0,0.0,0.2330000000000041,0.0
92.0,0.0,148.255,44.5187,0.0,0.0,0.2330000000000041,0.0
92.25,0.0,148.487,44.5133,0.0,0.0,0.23199999999999932,0.0
92.5,0.0,148.72,44.518,0.0,0.0,0.2330000000000041,0.0
92.5,0.0,148.953,44.5219,0.0,0.0,0.2330000000000041,0.0
93.25,0.0,149.185,44.5178,0.0,0.0,0.23199999999999932,0.0
92.75,0.0,149.418,44.517,0.0,0.0,0.2330000000000041,0.0
94.5,0.0,149.651,44.5212,0.0,0.0,0.2330000000000041,0.0
94.0,0.0,149.883,44.5171,0.0,0.0,0.23199999999999932,0.0
96.0,0.0,150.116,44.5205,0.0,0.0,0.2330000000000041,0.0
95.0,0.0,150.349,44.521,0.0,0.0,0.23299999999997567,0.0
97.25,0.0,150.581,44.5157,0.0,0.0,0.23199999999999932,0.0
95.75,0.0,150.814,44.519,0.0,0.0,0.2330000000000041,0.0
96.0,0.0,151.047,44.5187,0.0,0.0,0.2330000000000041,0.0
95.5,0.0,151.279,44.5175,0.0,0.0,0.23199999999999932,0.0
95.5,0.0,151.512,44.5159,0.0,0.0,0.2330000000000041,0.0
95.0,0.0,151.745,44.5168,0.0,0.0,0.2330000000000041,0.0
95.75,0.0,151.977,44.5165,0.0,0.0,0.23199999999999932,0.0
95.75,0.0,152.21,44.5187,0.0,0.0,0.2330000000000041,0.0
96.25,0.0,152.443,44.523,0.0,0.0,0.2330000000000041,0.0
96.5,0.0,152.675,44.5205,0.0,0.0,0.23199999999999932,0.0
95.75,0.0,152.908,44.513,0.0,0.0,0.23299999999997567,0.0
97.75,0.0,153.141,44.5113,0.0,0.0,0.2330000000000041,0.0
97.0,0.0,153.373,44.5119,0.0,0.0,0.23199999999999932,0.0
98.25,0.0,153.606,44.5166,0.0,0.0,0.2330000000000041,0.0
97.75,0.0,153.839,44.5183,0.0,0.0,0.2330000000000041,0.0
98.75,0.0,154.071,44.5172,0.0,0.0,0.23199999999999932,0.0
98.25,0.0,154.304,44.5208,0.0,0.0,0.2330000000000041,0.0
98.5,0.0,154.537,44.5168,0.0,0.0,0.2330000000000041,0.0
98.0,0.0,154.769,44.5171,0.0,0.0,0.23199999999999932,0.0
98.5,0.0,155.002,44.5125,0.0,0.0,0.2330000000000041,0.0
98.75,0.0,155.235,44.5181,0.0,0.0,0.2330000000000041,0.0
98.75,0.0,155.467,44.5171,0.0,0.0,0.23199999999999932,0.0
99.0,0.0,155.7,44.5219,0.0,0.0,0.23299999999997567,0.0
99.5,0.0,155.933,44.5166,0.0,0.0,0.2330000000000041,0.0
99.25,0.0,156.165,44.5215,0.0,0.0,0.23199999999999932,0.0
100.0,0.0,156.398,44.5152,0.0,0.0,0.2330000000000041,0.0
99.75,0.0,156.631,44.5185,0.0,0.0,0.2330000000000041,0.0
99.75,0.0,156.863,44.5162,0.0,0.0,0.23199999999999932,0.0
100.25,0.0,157.096,44.5153,0.0,0.0,0.2330000000000041,0.0
100.25,0.0,157.329,44.5155,0.0,0.0,0.2330000000000041,0.0
100.5,0.0,157.561,44.5162,0.0,0.0,0.23199999999999932,0.0
100.25,0.0,157.794,44.516,0.0,0.0,0.2330000000000041,0.0
100.5,0.0,158.027,44.5119,0.0,0.0,0.23299999999997567,0.0
100.25,0.0,158.259,44.5136,0.0,0.0,0.23199999999999932,0.0
100.75,0.0,158.492,44.519,0.0,0.0,0.2330000000000041,0.0
101.0,0.0,158.725,44.5196,0.0,0.0,0.2330000000000041,0.0
101.0,0.0,158.957,44.5151,0.0,0.0,0.23199999999999932,0.0
100.5,0.0,159.19,44.5216,0.0,0.0,0.2330000000000041,0.0
101.5,0.0,159.423,44.5181,0.0,0.0,0.2330000000000041,0.0
101.5,0.0,159.655,44.5134,0.0,0.0,0.23199999999999932,0.0
101.5,0.0,159.888,44.5155,0.0,0.0,0.2330000000000041,0.0
101.0,0.0,160.121,44.5185,0.0,0.0,0.2330000000000041,0.0
101.25,0.0,160.353,44.5182,0.0,0.0,0.23199999999999932,0.0
101.5,0.0,160.586,44.5181,0.0,0.0,0.2330000000000041,0.0
102.0,0.0,160.819,44.5192,0.0,0.0,0.23299999999997567,0.0
102.0,0.0,161.051,44.5181,0.0,0.0,0.23199999999999932,0.0
101.75,0.0,161.284,44.517,0.0,0.0,0.2330000000000041,0.0
102.5,0.0,161.517,44.5156,0.0,0.0,0.2330000000000041,0.0
102.5,0.0,161.749,44.5156,0.0,0.0,0.23199999999999932,0.0
102.25,0.0,161.982,44.5157,0.0,0.0,0.2330000000000041,0.0
102.5,0.0,162.215,44.5169,0.0,0.0,0.2330000000000041,0.0
102.75,0.0,162.447,44.5161,0.0,0.0,0.23199999999999932,0.0
102.75,0.0,162.68,44.5174,0.0,0.0,0.2330000000000041,0.0
103.5,0.0,162.913,44.5202,0.0,0.0,0.2330000000000041,0.0
103.5,0.0,163.145,44.5167,0.0,0.0,0.23199999999999932,0.0
104.0,0.0,163.378,44.5195,0.0,0.0,0.23299999999997567,0.0
103.5,0.0,163.611,44.5161,0.0,0.0,0.2330000000000041,0.0
104.0,0.0,163.843,44.5154,0.0,0.0,0.23199999999999932,0.0
103.75,0.0,164.076,44.5221,0.0,0.0,0.2330000000000041,0.0
104.5,0.0,164.309,44.5138,0.0,0.0,0.2330000000000041,0.0
103.75,0.0,164.541,44.5205,0.0,0.0,0.23199999999999932,0.0
103.75,0.0,164.774,44.5168,0.0,0.0,0.2330000000000041,0.0
104.5,0.0,165.007,44.5179,0.0,0.0,0.2330000000000041,0.0
105.0,0.0,165.239,44.5169,0.0,0.0,0.23199999999999932,0.0
105.0,0.0,165.472,44.51,0.0,0.0,0.2330000000000041,0.0
105.25,0.0,165.705,44.5125,0.0,0.0,0.2330000000000041,0.0
105.5,0.0,165.937,44.5195,0.0,0.0,0.23199999999999932,0.0
105.5,0.0,166.17,44.5176,0.0,0.0,0.23299999999997567,0.0
105.25,0.0,166.403,44.5189,0.0,0.0,0.2330000000000041,0.0
105.75,0.0,166.635,44.5181,0.0,0.0,0.23199999999999932,0.0
106.0,0.0,166.868,44.5172,0.0,0.0,0.2330000000000041,0.0
106.0,0.0,167.101,44.5234,0.0,0.0,0.2330000000000041,0.0
106.25,0.0,167.333,44.5175,0.0,0.0,0.23199999999999932,0.0
106.25,0.0,167.566,44.5171,0.0,0.0,0.2330000000000041,0.0
106.5,0.0,167.799,44.5163,0.0,0.0,0.2330000000000041,0.0
106.75,0.0,168.031,44.5158,0.0,0.0,0.23199999999999932,0.0
106.25,0.0,168.264,44.5154,0.0,0.0,0.2330000000000041,0.0
107.0,0.0,168.497,44.5161,0.0,0.0,0.2330000000000041,0.0
106.75,0.0,168.729,44.5148,0.0,0.0,0.23199999999999932,0.0
107.0,0.0,168.962,44.5158,0.0,0.0,0.23299999999997567,0.0
107.5,0.0,169.195,44.5131,0.0,0.0,0.2330000000000041,0.0
107.25,0.0,169.427,44.5173,0.0,0.0,0.23199999999999932,0.0
108.0,0.0,169.66,44.5175,0.0,0.0,0.2330000000000041,0.0
107.75,0.0,169.893,44.5184,0.0,0.0,0.2330000000000041,0.0
108.0,0.0,170.125,44.5203,0.0,0.0,0.23199999999999932,0.0
108.25,0.0,170.358,44.5124,0.0,0.0,0.2330000000000041,0.0
108.0,0.0,170.591,44.5129,0.0,0.0,0.2330000000000041,0.0
108.25,0.0,170.823,44.5155,0.0,0.0,0.23199999999999932,0.0
108.75,0.0,171.056,44.5156,0.0,0.0,0.2330000000000041,0.0
109.0,0.0,171.289,44.5205,0.0,0.0,0.23299999999997567,0.0
109.25,0.0,171.521,44.5158,0.0,0.0,0.23199999999999932,0.0
109.0,0.0,171.754,44.5173,0.0,0.0,0.2330000000000041,0.0
109.5,0.0,171.987,44.5141,0.0,0.0,0.2330000000000041,0.0
109.5,0.0,172.219,44.517,0.0,0.0,0.23199999999999932,0.0
109.75,0.0,172.452,44.5195,0.0,0.0,0.2330000000000041,0.0
110.0,0.0,172.685,44.5174,0.0,0.0,0.2330000000000041,0.0
110.25,0.0,172.917,44.5164,0.0,0.0,0.23199999999999932,0.0
110.25,0.0,173.15,44.5188,0.0,0.0,0.2330000000000041,0.0
110.25,0.0,173.383,44.5179,0.0,0.0,0.2330000000000041,0.0
110.25,0.0,173.615,44.5136,0.0,0.0,0.23199999999999932,0.0
110.75,0.0,173.848,44.5199,0.0,0.0,0.2330000000000041,0.0
110.75,0.0,174.081,44.5141,0.0,0.0,0.23299999999997567,0.0
110.75,0.0,174.313,44.519,0.0,0.0,0.23199999999999932,0.0
111.25,0.0,174.546,44.5167,0.0,0.0,0.2330000000000041,0.0
110.75,0.0,174.779,44.5151,0.0,0.0,0.2330000000000041,0.0
111.5,0.0,175.011,44.5143,0.0,0.0,0.23199999999999932,0.0
111.0,0.0,175.244,44.5158,0.0,0.0,0.2330000000000041,0.0
112.0,0.0,175.477,44.5138,0.0,0.0,0.2330000000000041,0.0
111.5,0.0,175.709,44.5156,0.0,0.0,0.23199999999999932,0.0
112.0,0.0,175.942,44.5124,0.0,0.0,0.2330000000000041,0.0
112.25,0.0,176.175,44.5182,0.0,0.0,0.2330000000000041,0.0
112.25,0.0,176.407,44.5164,0.0,0.0,0.23199999999999932,0.0
112.75,0.0,176.64,44.5147,0.0,0.0,0.23299999999997567,0.0
112.75,0.0,176.873,44.5187,0.0,0.0,0.2330000000000041,0.0
112.75,0.0,177.105,44.5161,0.0,0.0,0.23199999999999932,0.0
112.25,0.0,177.338,44.5136,0.0,0.0,0.2330000000000041,0.0
113.25,0.0,177.571,44.5184,0.0,0.0,0.2330000000000041,0.0
113.5,0.0,177.803,44.5138,0.0,0.0,0.23199999999999932,0.0
113.5,0.0,178.036,44.5137,0.0,0.0,0.2330000000000041,0.0
113.5,0.0,178.269,44.5135,0.0,0.0,0.2330000000000041,0.0
113.5,0.0,178.501,44.5133,0.0,0.0,0.23199999999999932,0.0
114.0,0.0,178.734,44.5175,0.0,0.0,0.2330000000000041,0.0
114.0,0.0,178.967,44.5171,0.0,0.0,0.2330000000000041,0.0
114.5,0.0,179.199,44.5195,0.0,0.0,0.23199999999999932,0.0
114.0,0.0,179.432,44.5188,0.0,0.0,0.23299999999997567,0.0
114.75,0.0,179.665,44.521,0.0,0.0,0.2330000000000041,0.0
115.25,0.0,179.897,44.5151,0.0,0.0,0.23199999999999932,0.0
115.0,0.0,180.13,44.5154,0.0,0.0,0.2330000000000041,0.0
115.25,0.0,180.363,44.5151,0.0,0.0,0.2330000000000041,0.0
115.0,0.0,180.595,44.5112,0.0,0.0,0.23199999999999932,0.0
115.0,0.0,180.828,44.5162,0.0,0.0,0.2330000000000041,0.0
115.75,0.0,181.061,44.5168,0.0,0.0,0.2330000000000041,0.0
116.0,0.0,181.293,44.518,0.0,0.0,0.23199999999999932,0.0
116.0,0.0,181.526,44.5164,0.0,0.0,0.2330000000000041,0.0
116.25,0.0,181.759,44.5185,0.0,0.0,0.23299999999997567,0.0
116.75,0.0,181.991,44.5119,0.0,0.0,0.23200000000002774,0.0
116.25,0.0,182.224,44.5143,0.0,0.0,0.23299999999997567,0.0
116.75,0.0,182.457,44.5149,0.0,0.0,0.2330000000000041,0.0
116.75,0.0,182.689,44.5156,0.0,0.0,0.23199999999999932,0.0
117.0,0.0,182.922,44.5161,0.0,0.0,0.2330000000000041,0.0
116.5,0.0,183.155,44.517,0.0,0.0,0.2330000000000041,0.0
117.25,0.0,183.387,44.5155,0.0,0.0,0.23199999999999932,0.0
117.5,0.0,183.62,44.5172,0.0,0.0,0.2330000000000041,0.0
117.5,0.0,183.853,44.5201,0.0,0.0,0.2330000000000041,0.0
117.75,0.0,184.085,44.5173,0.0,0.0,0.23199999999999932,0.0
118.25,0.0,184.318,44.5112,0.0,0.0,0.2330000000000041,0.0
118.25,0.0,184.551,44.5146,0.0,0.0,0.23299999999997567,0.0
118.5,0.0,184.783,44.5185,0.0,0.0,0.23199999999999932,0.0
118.5,0.0,185.016,44.5152,0.0,0.0,0.2330000000000041,0.0
118.5,0.0,185.249,44.5192,0.0,0.0,0.2330000000000041,0.0
118.5,0.0,185.481,44.5139,0.0,0.0,0.23199999999999932,0.0
118.5,0.0,185.714,44.5183,0.0,0.0,0.2330000000000041,0.0
119.25,0.0,185.947,44.5171,0.0,0.0,0.2330000000000041,0.0
119.5,0.0,186.179,44.515,0.0,0.0,0.23199999999999932,0.0
119.75,0.0,186.412,44.5109,0.0,0.0,0.2330000000000041,0.0
120.0,0.0,186.645,44.5168,0.0,0.0,0.2330000000000041,0.0
120.0,0.0,186.877,44.5098,0.0,0.0,0.23199999999999932,0.0
120.0,0.0,187.11,44.515,0.0,0.0,0.2330000000000041,0.0
120.25,0.0,187.343,44.5129,0.0,0.0,0.23299999999997567,0.0
120.25,0.0,187.575,44.5194,0.0,0.0,0.23199999999999932,0.0
120.75,0.0,187.808,44.5198,0.0,0.0,0.2330000000000041,0.0
120.75,0.0,188.041,44.5195,0.0,0.0,0.2330000000000041,0.0
121.25,0.0,188.273,44.5181,0.0,0.0,0.23199999999999932,0.0
121.25,0.0,188.506,44.5138,0.0,0.0,0.2330000000000041,0.0
121.25,0.0,188.739,44.514,0.0,0.0,0.2330000000000041,0.0
121.25,0.0,188.971,44.5185,0.0,0.0,0.23199999999999932,0.0
121.75,0.0,189.204,44.5105,0.0,0.0,0.2330000000000041,0.0
121.75,0.0,189.437,44.5158,0.0,0.0,0.2330000000000041,0.0
122.0,0.0,189.669,44.5194,0.0,0.0,0.23199999999999932,0.0
122.0,0.0,189.902,44.5187,0.0,0.0,0.23299999999997567,0.0
122.5,0.0,190.135,44.5214,0.0,0.0,0.2330000000000041,0.0
122.25,0.0,190.367,44.5173,0.0,0.0,0.23199999999999932,0.0
122.5,0.0,190.6,44.5164,0.0,0.0,0.2330000000000041,0.0
122.75,0.0,190.833,44.5174,0.0,0.0,0.2330000000000041,0.0
122.25,0.0,191.065,44.5144,0.0,0.0,0.23199999999999932,0.0
123.25,0.0,191.298,44.514,0.0,0.0,0.2330000000000041,0.0
123.25,0.0,191.531,44.5176,0.0,0.0,0.2330000000000041,0.0
123.25,0.0,191.763,44.515,0.0,0.0,0.23199999999999932,0.0
123.25,0.0,191.996,44.5176,0.0,0.0,0.2330000000000041,0.0
123.25,0.0,192.229,44.5176,0.0,0.0,0.2330000000000041,0.0
123.0,0.0,192.461,44.5151,0.0,0.0,0.23199999999999932,0.0
123.0,0.0,192.694,44.5155,0.0,0.0,0.23299999999997567,0.0
123.75,0.0,192.927,44.5187,0.0,0.0,0.2330000000000041,0.0
123.5,0.0,193.159,44.5167,0.0,0.0,0.23199999999999932,0.0
123.75,0.0,193.392,44.5178,0.0,0.0,0.2330000000000041,0.0
124.0,0.0,193.625,44.5146,0.0,0.0,0.2330000000000041,0.0
124.25,0.0,193.857,44.5138,0.0,0.0,0.23199999999999932,0.0
124.25,0.0,194.09,44.5171,0.0,0.0,0.2330000000000041,0.0
124.25,0.0,194.323,44.5153,0.0,0.0,0.2330000000000041,0.0
124.75,0.0,194.555,44.5158,0.0,0.0,0.23199999999999932,0.0
124.75,0.0,194.788,44.5133,0.0,0.0,0.2330000000000041,0.0
125.0,0.0,195.021,44.5155,0.0,0.0,0.23299999999997567,0.0
124.5,0.0,195.253,44.5115,0.0,0.0,0.23199999999999932,0.0
125.0,0.0,195.486,44.5113,0.0,0.0,0.2330000000000041,0.0
124.75,0.0,195.719,44.5123,0.0,0.0,0.2330000000000041,0.0
125.25,0.0,195.951,44.5161,0.0,0.0,0.23199999999999932,0.0
125.75,0.0,196.184,44.5196,0.0,0.0,0.2330000000000041,0.0
125.75,0.0,196.417,44.5143,0.0,0.0,0.2330000000000041,0.0
125.75,0.0,196.649,44.5147,0.0,0.0,0.23199999999999932,0.0
125.75,0.0,196.882,44.518,0.0,0.0,0.2330000000000041,0.0
126.0,0.0,197.115,44.5147,0.0,0.0,0.2330000000000041,0.0
126.5,0.0,197.347,44.5154,0.0,0.0,0.23199999999999932,0.0
126.0,0.0,197.58,44.5175,0.0,0.0,0.2330000000000041,0.0
126.5,0.0,197.813,44.5194,0.0,0.0,0.23299999999997567,0.0
126.75,0.0,198.045,44.5147,0.0,0.0,0.23199999999999932,0.0
126.5,0.0,198.278,44.5159,0.0,0.0,0.2330000000000041,0.0
127.0,0.0,198.511,44.5113,0.0,0.0,0.2330000000000041,0.0
127.25,0.0,198.743,44.5144,0.0,0.0,0.23199999999999932,0.0
127.25,0.0,198.976,44.5103,0.0,0.0,0.2330000000000041,0.0
127.5,0.0,199.209,44.516,0.0,0.0,0.2330000000000041,0.0
127.25,0.0,199.441,44.5168,0.0,0.0,0.23199999999999932,0.0
127.25,0.0,199.674,44.5138,0.0,0.0,0.2330000000000041,0.0
127.5,0.0,199.907,44.5186,0.0,0.0,0.2330000000000041,0.0
128.0,0.0,200.139,44.5149,0.0,0.0,0.23199999999999932,0.0
127.75,0.0,200.372,44.5158,0.0,0.0,0.2330000000000041,0.0
128.5,0.0,200.605,44.5152,0.0,0.0,0.23299999999997567,0.0
128.0,0.0,200.837,44.5149,0.0,0.0,0.23199999999999932,0.0
127.75,0.0,201.07,44.5186,0.0,0.0,0.2330000000000041,0.0
127.75,0.0,201.303,44.5178,0.0,0.0,0.2330000000000041,0.0
128.75,0.0,201.535,44.5139,0.0,0.0,0.23199999999999932,0.0
128.75,0.0,201.768,44.5098,0.0,0.0,0.2330000000000041,0.0
128.75,0.0,202.001,44.5149,0.0,0.0,0.2330000000000041,0.0
128.75,0.0,202.233,44.5133,0.0,0.0,0.23199999999999932,0.0
129.0,0.0,202.466,44.5156,0.0,0.0,0.2330000000000041,0.0
129.5,0.0,202.699,44.5158,0.0,0.0,0.2330000000000041,0.0
129.25,0.0,202.931,44.5182,0.0,0.0,0.23199999999999932,0.0
129.25,0.0,203.164,44.5175,0.0,0.0,0.23299999999997567,0.0
129.25,0.0,203.397,44.5171,0.0,0.0,0.2330000000000041,0.0
130.25,0.0,203.629,44.5161,0.0,0.0,0.23199999999999932,0.0
130.0,0.0,203.862,44.517,0.0,0.0,0.2330000000000041,0.0
130.0,0.0,204.095,44.5152,0.0,0.0,0.2330000000000041,0.0
130.25,0.0,204.327,44.5094,0.0,0.0,0.23199999999999932,0.0
130.5,0.0,204.56,44.5134,0.0,0.0,0.2330000000000041,0.0
130.25,0.0,204.793,44.5181,0.0,0.0,0.2330000000000041,0.0
130.25,0.0,205.025,44.5167,0.0,0.0,0.23199999999999932,0.0
130.5,0.0,205.258,44.5214,0.0,0.0,0.2330000000000041,0.0
130.5,0.0,205.491,44.517,0.0,0.0,0.2330000000000041,0.0
130.25,0.0,205.723,44.5136,0.0,0.0,0.23199999999999932,0.0
130.75,0.0,205.956,44.514,0.0,0.0,0.23299999999997567,0.0
131.0,0.0,206.189,44.5161,0.0,0.0,0.2330000000000041,0.0
131.0,0.0,206.421,44.5205,0.0,0.0,0.23199999999999932,0.0
131.5,0.0,206.654,44.511,0.0,0.0,0.2330000000000041,0.0
131.75,0.0,206.887,44.5175,0.0,0.0,0.2330000000000041,0.0
131.5,0.0,207.119,44.5176,0.0,0.0,0.23199999999999932,0.0
132.0,0.0,207.352,44.5167,0.0,0.0,0.2330000000000041,0.0
132.0,0.0,207.585,44.5109,0.0,0.0,0.2330000000000041,0.0
132.0,0.0,207.817,44.5208,0.0,0.0,0.23199999999999932,0.0
132.25,0.0,208.057,44.5113,0.0,0.0,0.23999999999998067,0.0
132.0,0.0,208.29,44.5193,0.0,0.0,0.2330000000000041,0.0
132.0,0.0,208.523,44.5234,0.0,0.0,0.2330000000000041,0.0
132.0,0.0,208.755,44.5158,0.0,0.0,0.23199999999999932,0.0
132.5,0.0,208.988,44.5131,0.0,0.0,0.2330000000000041,0.0
132.75,0.0,209.221,44.5173,0.0,0.0,0.2330000000000041,0.0
133.0,0.0,209.453,44.515,0.0,0.0,0.23199999999999932,0.0
132.75,0.0,209.686,44.5137,0.0,0.0,0.2330000000000041,0.0
132.75,0.0,209.919,44.5137,0.0,0.0,0.2330000000000041,0.0
132.75,0.0,210.151,44.5111,0.0,0.0,0.23199999999999932,0.0
133.25,0.0,210.384,44.513,0.0,0.0,0.23299999999997567,0.0
133.5,0.0,210.617,44.5113,0.0,0.0,0.2330000000000041,0.0
133.25,0.0,210.849,44.5142,0.0,0.0,0.23199999999999932,0.0
134.0,0.0,211.082,44.5162,0.0,0.0,0.2330000000000041,0.0
133.75,0.0,211.315,44.5135,0.0,0.0,0.2330000000000041,0.0
133.75,0.0,211.547,44.5118,0.0,0.0,0.23199999999999932,0.0
134.25,0.0,211.78,44.514,0.0,0.0,0.2330000000000041,0.0
133.75,0.0,212.013,44.5165,0.0,0.0,0.2330000000000041,0.0
134.25,0.0,212.245,44.5143,0.0,0.0,0.23199999999999932,0.0
134.5,0.0,212.478,44.5173,0.0,0.0,0.2330000000000041,0.0
134.0,0.0,212.711,44.5188,0.0,0.0,0.2330000000000041,0.0
134.5,0.0,212.943,44.5139,0.0,0.0,0.23199999999999932,0.0
134.0,0.0,213.176,44.5172,0.0,0.0,0.23299999999997567,0.0
134.75,0.0,213.409,44.5149,0.0,0.0,0.2330000000000041,0.0
134.75,0.0,213.641,44.5186,0.0,0.0,0.23199999999999932,0.0
135.25,0.0,213.874,44.518,0.0,0.0,0.2330000000000041,0.0
134.75,0.0,214.107,44.5166,0.0,0.0,0.2330000000000041,0.0
135.0,0.0,214.339,44.5124,0.0,0.0,0.23199999999999932,0.0
135.75,0.0,214.572,44.5157,0.0,0.0,0.2330000000000041,0.0
135.75,0.0,214.805,44.5139,0.0,0.0,0.2330000000000041,0.0
135.25,0.0,215.037,44.5144,0.0,0.0,0.23199999999999932,0.0
135.75,0.0,215.27,44.5121,0.0,0.0,0.2330000000000041,0.0
136.0,0.0,215.503,44.5193,0.0,0.0,0.23299999999997567,0.0
136.25,0.0,215.735,44.5132,0.0,0.0,0.23200000000002774,0.0
136.0,0.0,215.976,44.5159,0.0,0.0,0.24099999999998545,0.0
136.0,0.0,216.209,44.5174,0.0,0.0,0.2330000000000041,0.0
136.25,0.0,216.442,44.5138,0.0,0.0,0.2330000000000041,0.0
136.75,0.0,216.674,44.5151,0.0,0.0,0.23199999999999932,0.0
136.75,0.0,216.907,44.5155,0.0,0.0,0.2330000000000041,0.0
136.5,0.0,217.14,44.5135,0.0,0.0,0.23299999999997567,0.0
136.75,0.0,217.372,44.5154,0.0,0.0,0.23200000000002774,0.0
137.0,0.0,217.605,44.5165,0.0,0.0,0.23299999999997567,0.0
137.25,0.0,217.838,44.516,0.0,0.0,0.2330000000000041,0.0
137.5,0.0,218.07,44.5184,0.0,0.0,0.23199999999999932,0.0
137.5,0.0,218.303,44.5146,0.0,0.0,0.2330000000000041,0.0
137.75,0.0,218.536,44.5188,0.0,0.0,0.2330000000000041,0.0
137.75,0.0,218.768,44.5124,0.0,0.0,0.23199999999999932,0.0
137.75,0.0,219.001,44.5161,0.0,0.0,0.2330000000000041,0.0
138.0,0.0,219.234,44.5197,0.0,0.0,0.2330000000000041,0.0
137.5,0.0,219.466,44.5158,0.0,0.0,0.23199999999999932,0.0
138.0,0.0,219.699,44.5097,0.0,0.0,0.2330000000000041,0.0
138.25,0.0,219.932,44.5141,0.0,0.0,0.23299999999997567,0.0
138.25,0.0,220.164,44.5144,0.0,0.0,0.23199999999999932,0.0
138.5,0.0,220.397,44.5144,0.0,0.0,0.2330000000000041,0.0
138.0,0.0,220.63,44.5153,0.0,0.0,0.2330000000000041,0.0
138.25,0.0,220.862,44.5217,0.0,0.0,0.23199999999999932,0.0
138.25,0.0,221.095,44.5179,0.0,0.0,0.2330000000000041,0.0
138.0,0.0,221.328,44.5143,0.0,0.0,0.2330000000000041,0.0
138.5,0.0,221.56,44.5148,0.0,0.0,0.23199999999999932,0.0
139.0,0.0,221.793,44.5155,0.0,0.0,0.2330000000000041,0.0
138.25,0.0,222.026,44.5175,0.0,0.0,0.2330000000000041,0.0
138.5,0.0,222.258,44.5148,0.0,0.0,0.23199999999999932,0.0
138.75,0.0,222.491,44.5115,0.0,0.0,0.2330000000000041,0.0
138.75,0.0,222.724,44.5106,0.0,0.0,0.23299999999997567,0.0
139.25,0.0,222.956,44.5157,0.0,0.0,0.23199999999999932,0.0
139.25,0.0,223.189,44.5165,0.0,0.0,0.2330000000000041,0.0
139.25,0.0,223.422,44.514,0.0,0.0,0.2330000000000041,0.0
139.5,0.0,223.654,44.5159,0.0,0.0,0.23199999999999932,0.0
139.5,0.0,223.887,44.5173,0.0,0.0,0.2330000000000041,0.0
140.0,0.0,224.12,44.5136,0.0,0.0,0.2330000000000041,0.0
140.0,0.0,224.352,44.5125,0.0,0.0,0.23199999999999932,0.0
140.0,0.0,224.585,44.5169,0.0,0.0,0.2330000000000041,0.0
139.75,0.0,224.818,44.5139,0.0,0.0,0.2330000000000041,0.0
140.0,0.0,225.05,44.5113,0.0,0.0,0.23199999999999932,0.0
140.25,0.0,225.283,44.5119,0.0,0.0,0.23299999999997567,0.0
140.25,0.0,225.516,44.5136,0.0,0.0,0.2330000000000041,0.0
140.5,0.0,225.748,44.5144,0.0,0.0,0.23199999999999932,0.0
140.25,0.0,225.981,44.511,0.0,0.0,0.2330000000000041,0.0
140.75,0.0,226.214,44.5131,0.0,0.0,0.2330000000000041,0.0
141.0,0.0,226.446,44.5151,0.0,0.0,0.23199999999999932,0.0
140.75,0.0,226.679,44.5124,0.0,0.0,0.2330000000000041,0.0
141.25,0.0,226.912,44.5121,0.0,0.0,0.2330000000000041,0.0
141.25,0.0,227.144,44.5187,0.0,0.0,0.23199999999999932,0.0
141.0,0.0,227.377,44.5138,0.0,0.0,0.2330000000000041,0.0
141.25,0.0,227.61,44.5127,0.0,0.0,0.2330000000000041,0.0
141.25,0.0,227.842,44.5155,0.0,0.0,0.23199999999999932,0.0
141.75,0.0,228.075,44.5104,0.0,0.0,0.23299999999997567,0.0
141.75,0.0,228.308,44.5161,0.0,0.0,0.2330000000000041,0.0
141.75,0.0,228.54,44.5157,0.0,0.0,0.23199999999999932,0.0
142.0,0.0,228.773,44.5132,0.0,0.0,0.2330000000000041,0.0
142.0,0.0,229.006,44.515,0.0,0.0,0.2330000000000041,0.0
142.25,0.0,229.238,44.5156,0.0,0.0,0.23199999999999932,0.0
142.0,0.0,229.471,44.515,0.0,0.0,0.2330000000000041,0.0
142.25,0.0,229.704,44.5115,0.0,0.0,0.2330000000000041,0.0
142.0,0.0,229.936,44.5169,0.0,0.0,0.23199999999999932,0.0
142.5,0.0,230.169,44.5185,0.0,0.0,0.2330000000000041,0.0
142.25,0.0,230.402,44.5147,0.0,0.0,0.23299999999997567,0.0
142.5,0.0,230.634,44.5147,0.0,0.0,0.23199999999999932,0.0
141.75,0.0,230.867,44.5168,0.0,0.0,0.2330000000000041,0.0
142.5,0.0,231.1,44.5123,0.0,0.0,0.2330000000000041,0.0
142.5,0.0,231.332,44.518,0.0,0.0,0.23199999999999932,0.0
142.75,0.0,231.565,44.5157,0.0,0.0,0.2330000000000041,0.0
143.0,0.0,231.808,44.5185,0.0,0.0,0.242999999999995,0.0
143.0,0.0,232.041,44.5171,0.0,0.0,0.2330000000000041,0.0
142.5,0.0,232.274,44.5175,0.0,0.0,0.2330000000000041,0.0
143.0,0.0,232.506,44.5127,0.0,0.0,0.23199999999999932,0.0
143.25,0.0,232.739,44.5184,0.0,0.0,0.2330000000000041,0.0
143.0,0.0,232.972,44.517,0.0,0.0,0.2330000000000041,0.0
143.5,0.0,233.204,44.5155,0.0,0.0,0.23199999999999932,0.0
143.5,0.0,233.437,44.5101,0.0,0.0,0.2330000000000041,0.0
143.25,0.0,233.67,44.5131,0.0,0.0,0.23299999999997567,0.0
143.0,0.0,233.902,44.5154,0.0,0.0,0.23199999999999932,0.0
143.5,0.0,234.135,44.5131,0.0,0.0,0.2330000000000041,0.0
143.25,0.0,234.368,44.5184,0.0,0.0,0.2330000000000041,0.0
143.75,0.0,234.6,44.5152,0.0,0.0,0.23199999999999932,0.0
143.5,0.0,234.833,44.5141,0.0,0.0,0.2330000000000041,0.0
144.0,0.0,235.066,44.5177,0.0,0.0,0.2330000000000041,0.0
144.0,0.0,235.298,44.5129,0.0,0.0,0.23199999999999932,0.0
143.75,0.0,235.531,44.5161,0.0,0.0,0.2330000000000041,0.0
144.0,0.0,235.764,44.5167,0.0,0.0,0.2330000000000041,0.0
144.5,0.0,235.996,44.5112,0.0,0.0,0.23199999999999932,0.0
144.5,0.0,236.229,44.5139,0.0,0.0,0.2330000000000041,0.0
144.0,0.0,236.462,44.5104,0.0,0.0,0.23299999999997567,0.0
144.25,0.0,236.694,44.5126,0.0,0.0,0.23199999999999932,0.0
144.25,0.0,236.927,44.5134,0.0,0.0,0.2330000000000041,0.0
145.0,0.0,237.16,44.5129,0.0,0.0,0.2330000000000041,0.0
145.0,0.0,237.392,44.5158,0.0,0.0,0.23199999999999932,0.0
144.75,0.0,237.625,44.5201,0.0,0.0,0.2330000000000041,0.0
145.0,0.0,237.858,44.5129,0.0,0.0,0.2330000000000041,0.0
145.25,0.0,238.09,44.5139,0.0,0.0,0.23199999999999932,0.0
145.0,0.0,238.323,44.516,0.0,0.0,0.2330000000000041,0.0
145.5,0.0,238.556,44.5173,0.0,0.0,0.2330000000000041,0.0
145.25,0.0,238.788,44.5104,0.0,0.0,0.23199999999999932,0.0
145.75,0.0,239.021,44.5133,0.0,0.0,0.23299999999997567,0.0
145.75,0.0,239.254,44.5122,0.0,0.0,0.2330000000000041,0.0
145.75,0.0,239.486,44.5156,0.0,0.0,0.23199999999999932,0.0
145.5,0.0,239.729,44.5123,0.0,0.0,0.24300000000002342,0.0
146.0,0.0,239.962,44.5132,0.0,0.0,0.23299999999997567,0.0
146.0,0.0,240.195,44.5139,0.0,0.0,0.2330000000000041,0.0
146.25,0.0,240.427,44.5139,0.0,0.0,0.23199999999999932,0.0
145.75,0.0,240.66,44.5182,0.0,0.0,0.2330000000000041,0.0
146.5,0.0,240.893,44.5167,0.0,0.0,0.2330000000000041,0.0
146.25,0.0,241.125,44.5144,0.0,0.0,0.23199999999999932,0.0
146.75,0.0,241.358,44.5109,0.0,0.0,0.2330000000000041,0.0
146.75,0.0,241.591,44.5166,0.0,0.0,0.2330000000000041,0.0
147.0,0.0,241.823,44.5179,0.0,0.0,0.23199999999999932,0.0
147.25,0.0,242.056,44.511,0.0,0.0,0.2330000000000041,0.0
146.75,0.0,242.289,44.5114,0.0,0.0,0.23299999999997567,0.0
147.0,0.0,242.521,44.5173,0.0,0.0,0.23199999999999932,0.0
147.0,0.0,242.754,44.5119,0.0,0.0,0.2330000000000041,0.0
147.25,0.0,242.987,44.5175,0.0,0.0,0.2330000000000041,0.0
147.25,0.0,243.219,44.5171,0.0,0.0,0.23199999999999932,0.0
148.0,0.0,243.461,44.5116,0.0,0.0,0.24200000000001864,0.0
147.5,0.0,243.694,44.5112,0.0,0.0,0.23299999999997567,0.0
148.25,0.0,243.927,44.5114,0.0,0.0,0.2330000000000041,0.0
147.75,0.0,244.159,44.513,0.0,0.0,0.23199999999999932,0.0
147.75,0.0,244.392,44.5132,0.0,0.0,0.2330000000000041,0.0
147.25,0.0,244.625,44.5116,0.0,0.0,0.2330000000000041,0.0
147.5,0.0,244.857,44.5126,0.0,0.0,0.23199999999999932,0.0
148.5,0.0,245.09,44.5157,0.0,0.0,0.2330000000000041,0.0
148.5,0.0,245.323,44.5176,0.0,0.0,0.2330000000000041,0.0
148.25,0.0,245.555,44.5129,0.0,0.0,0.23199999999999932,0.0
148.5,0.0,245.788,44.5124,0.0,0.0,0.2330000000000041,0.0
149.0,0.0,246.021,44.5116,0.0,0.0,0.23299999999997567,0.0
149.0,0.0,246.253,44.5095,0.0,0.0,0.23199999999999932,0.0
149.75,0.0,246.495,44.516,0.0,0.0,0.24200000000001864,0.0
150.0,0.0,246.728,44.517,0.0,0.0,0.2330000000000041,0.0
150.0,0.0,246.961,44.5095,0.0,0.0,0.2330000000000041,0.0
150.5,0.0,247.193,44.5113,0.0,0.0,0.23199999999999932,0.0
150.25,0.0,247.426,44.5084,0.0,0.0,0.23299999999997567,0.0
150.25,0.0,247.659,44.519,0.0,0.0,0.2330000000000041,0.0
150.5,0.0,247.891,44.5128,0.0,0.0,0.23199999999999932,0.0
150.0,0.0,248.124,44.5136,0.0,0.0,0.2330000000000041,0.0
150.5,0.0,248.357,44.5182,0.0,0.0,0.2330000000000041,0.0
150.5,0.0,248.589,44.5142,0.0,0.0,0.23199999999999932,0.0
150.75,0.0,248.822,44.5139,0.0,0.0,0.2330000000000041,0.0
150.5,0.0,249.055,44.511,0.0,0.0,0.2330000000000041,0.0
151.0,0.0,249.29,44.5093,0.0,0.0,0.23499999999998522,0.0
150.75,0.0,249.525,44.5158,0.0,0.0,0.23500000000001364,0.0
151.5,0.0,249.757,44.5136,0.0,0.0,0.23199999999999932,0.0
151.25,0.0,249.99,44.5151,0.0,0.0,0.2330000000000041,0.0
152.75,0.0,250.223,44.5155,0.0,0.0,0.2330000000000041,0.0
151.75,0.0,250.455,44.5124,0.0,0.0,0.23199999999999932,0.0
151.0,0.0,250.688,44.5161,0.0,0.0,0.23299999999997567,0.0
151.5,0.0,250.921,44.5161,0.0,0.0,0.2330000000000041,0.0
151.25,0.0,251.153,44.5105,0.0,0.0,0.23199999999999932,0.0
151.25,0.0,251.386,44.5121,0.0,0.0,0.2330000000000041,0.0
150.75,0.0,251.619,44.5131,0.0,0.0,0.2330000000000041,0.0
151.0,0.0,251.851,44.5165,0.0,0.0,0.23199999999999932,0.0
151.25,0.0,252.084,44.5086,0.0,0.0,0.2330000000000041,0.0
151.25,0.0,252.317,44.5121,0.0,0.0,0.2330000000000041,0.0
151.25,0.0,252.549,44.5125,0.0,0.0,0.23199999999999932,0.0
151.75,0.0,252.782,44.518,0.0,0.0,0.2330000000000041,0.0
151.75,0.0,253.015,44.5122,0.0,0.0,0.23299999999997567,0.0
152.0,0.0,253.247,44.5112,0.0,0.0,0.23200000000002774,0.0
151.75,0.0,253.48,44.513,0.0,0.0,0.23299999999997567,0.0
151.75,0.0,253.713,44.5144,0.0,0.0,0.2330000000000041,0.0
152.25,0.0,253.945,44.5104,0.0,0.0,0.23199999999999932,0.0
152.5,0.0,254.178,44.5117,0.0,0.0,0.2330000000000041,0.0
152.75,0.0,254.411,44.5123,0.0,0.0,0.2330000000000041,0.0
152.5,0.0,254.643,44.5169,0.0,0.0,0.23199999999999932,0.0
152.75,0.0,254.876,44.5122,0.0,0.0,0.2330000000000041,0.0
152.5,0.0,255.109,44.5154,0.0,0.0,0.2330000000000041,0.0
152.75,0.0,255.341,44.514,0.0,0.0,0.23199999999999932,0.0
153.0,0.0,255.574,44.5141,0.0,0.0,0.2330000000000041,0.0
152.5,0.0,255.807,44.5131,0.0,0.0,0.23299999999997567,0.0
152.75,0.0,256.039,44.5114,0.0,0.0,0.23199999999999932,0.0
152.5,0.0,256.272,44.5086,0.0,0.0,0.2330000000000041,0.0
153.25,0.0,256.505,44.5138,0.0,0.0,0.2330000000000041,0.0
153.25,0.0,256.737,44.512,0.0,0.0,0.23200000000002774,0.0
153.0,0.0,256.97,44.5151,0.0,0.0,0.2330000000000041,0.0
153.0,0.0,257.203,44.5141,0.0,0.0,0.23299999999994725,0.0
153.5,0.0,257.435,44.5136,0.0,0.0,0.23200000000002774,0.0
153.5,0.0,257.668,44.5166,0.0,0.0,0.2330000000000041,0.0
153.5,0.0,257.901,44.5104,0.0,0.0,0.2330000000000041,0.0
153.75,0.0,258.133,44.5176,0.0,0.0,0.2319999999999709,0.0
153.75,0.0,258.366,44.5172,0.0,0.0,0.2330000000000041,0.0
154.0,0.0,258.599,44.5122,0.0,0.0,0.2330000000000041,0.0
153.75,0.0,258.831,44.5129,0.0,0.0,0.23200000000002774,0.0
153.5,0.0,259.064,44.5071,0.0,0.0,0.2330000000000041,0.0
154.25,0.0,259.297,44.5137,0.0,0.0,0.2330000000000041,0.0
154.25,0.0,259.529,44.5106,0.0,0.0,0.2319999999999709,0.0
154.25,0.0,259.762,44.5146,0.0,0.0,0.2330000000000041,0.0
154.5,0.0,259.995,44.5094,0.0,0.0,0.2330000000000041,0.0
154.0,0.0,260.227,44.5162,0.0,0.0,0.2319999999999709,0.0
154.25,0.0,260.46,44.5187,0.0,0.0,0.2330000000000041,0.0
155.0,0.0,260.693,44.5138,0.0,0.0,0.2330000000000041,0.0
154.5,0.0,260.925,44.5109,0.0,0.0,0.23200000000002774,0.0
155.25,0.0,261.158,44.5143,0.0,0.0,0.2330000000000041,0.0
155.25,0.0,261.391,44.5135,0.0,0.0,0.2330000000000041,0.0
155.25,0.0,261.623,44.5155,0.0,0.0,0.2319999999999709,0.0
155.0,0.0,261.856,44.513,0.0,0.0,0.2330000000000041,0.0
155.5,0.0,262.089,44.5144,0.0,0.0,0.2330000000000041,0.0
155.5,0.0,262.321,44.5114,0.0,0.0,0.23200000000002774,0.0
155.5,0.0,262.554,44.5148,0.0,0.0,0.23299999999994725,0.0
155.75,0.0,262.787,44.508,0.0,0.0,0.2330000000000041,0.0
156.0,0.0,263.019,44.5194,0.0,0.0,0.23200000000002774,0.0
156.25,0.0,263.266,44.5106,0.0,0.0,0.2470000000000141,0.0
156.5,0.0,263.499,44.5153,0.0,0.0,0.2330000000000041,0.0
156.25,0.0,263.732,44.5126,0.0,0.0,0.2330000000000041,0.0
156.75,0.0,263.964,44.5125,0.0,0.0,0.2319999999999709,0.0
157.25,0.0,264.197,44.5133,0.0,0.0,0.2330000000000041,0.0
157.5,0.0,264.43,44.5163,0.0,0.0,0.2330000000000041,0.0
157.75,0.0,264.662,44.5138,0.0,0.0,0.2319999999999709,0.0
157.75,0.0,264.895,44.5147,0.0,0.0,0.2330000000000041,0.0
157.75,0.0,265.128,44.5134,0.0,0.0,0.2330000000000041,0.0
158.25,0.0,265.36,44.5134,0.0,0.0,0.23200000000002774,0.0
158.5,0.0,265.593,44.516,0.0,0.0,0.2330000000000041,0.0
158.75,0.0,265.826,44.5118,0.0,0.0,0.2330000000000041,0.0
158.75,0.0,266.058,44.5129,0.0,0.0,0.2319999999999709,0.0
159.25,0.0,266.291,44.5134,0.0,0.0,0.2330000000000041,0.0
159.5,0.0,266.524,44.5084,0.0,0.0,0.2330000000000041,0.0
159.25,0.0,266.756,44.5121,0.0,0.0,0.2319999999999709,0.0
159.5,0.0,266.989,44.5101,0.0,0.0,0.2330000000000041,0.0
159.75,0.0,267.222,44.515,0.0,0.0,0.2330000000000041,0.0
159.5,0.0,267.454,44.5165,0.0,0.0,0.23200000000002774,0.0
159.5,0.0,267.687,44.5105,0.0,0.0,0.2330000000000041,0.0
160.25,0.0,267.92,44.5142,0.0,0.0,0.2330000000000041,0.0
160.25,0.0,268.152,44.5122,0.0,0.0,0.2319999999999709,0.0
160.25,0.0,268.385,44.5172,0.0,0.0,0.2330000000000041,0.0
160.25,0.0,268.618,44.5156,0.0,0.0,0.2330000000000041,0.0
160.5,0.0,268.85,44.5111,0.0,0.0,0.23200000000002774,0.0
160.5,0.0,269.083,44.5134,0.0,0.0,0.2330000000000041,0.0
161.0,0.0,269.316,44.5041,0.0,0.0,0.23299999999994725,0.0
161.0,0.0,269.548,44.5143,0.0,0.0,0.23200000000002774,0.0
161.25,0.0,269.788,44.5115,0.0,0.0,0.2400000000000091,0.0
161.25,0.0,270.021,44.5119,0.0,0.0,0.2330000000000041,0.0
161.75,0.0,270.254,44.509,0.0,0.0,0.2330000000000041,0.0
161.75,0.0,270.486,44.5195,0.0,0.0,0.2319999999999709,0.0
161.75,0.0,270.719,44.5123,0.0,0.0,0.2330000000000041,0.0
161.75,0.0,270.952,44.5097,0.0,0.0,0.2330000000000041,0.0
161.75,0.0,271.184,44.5143,0.0,0.0,0.23200000000002774,0.0
162.5,0.0,271.417,44.5074,0.0,0.0,0.23299999999994725,0.0
162.0,0.0,271.65,44.5132,0.0,0.0,0.2330000000000041,0.0
162.75,0.0,271.882,44.5131,0.0,0.0,0.23200000000002774,0.0
162.75,0.0,272.115,44.5083,0.0,0.0,0.2330000000000041,0.0
162.5,0.0,272.348,44.5108,0.0,0.0,0.2330000000000041,0.0
162.75,0.0,272.58,44.5181,0.0,0.0,0.2319999999999709,0.0
162.5,0.0,272.813,44.5126,0.0,0.0,0.2330000000000041,0.0
162.75,0.0,273.046,44.5161,0.0,0.0,0.2330000000000041,0.0
163.0,0.0,273.278,44.5133,0.0,0.0,0.23200000000002774,0.0
163.5,0.0,273.511,44.5126,0.0,0.0,0.2330000000000041,0.0
163.5,0.0,273.744,44.5144,0.0,0.0,0.2330000000000041,0.0
163.25,0.0,273.976,44.5118,0.0,0.0,0.2319999999999709,0.0
163.75,0.0,274.209,44.5132,0.0,0.0,0.2330000000000041,0.0
163.75,0.0,274.442,44.5083,0.0,0.0,0.2330000000000041,0.0
164.0,0.0,274.674,44.5123,0.0,0.0,0.2319999999999709,0.0
164.25,0.0,274.907,44.513,0.0,0.0,0.2330000000000041,0.0
164.0,0.0,275.149,44.5136,0.0,0.0,0.24200000000001864,0.0
164.25,0.0,275.382,44.512,0.0,0.0,0.2330000000000041,0.0
164.5,0.0,275.615,44.5103,0.0,0.0,0.2330000000000041,0.0
165.0,0.0,275.847,44.5131,0.0,0.0,0.2319999999999709,0.0
164.75,0.0,276.08,44.5105,0.0,0.0,0.2330000000000041,0.0
165.25,0.0,276.313,44.5093,0.0,0.0,0.2330000000000041,0.0
165.0,0.0,276.545,44.5143,0.0,0.0,0.23200000000002774,0.0
165.25,0.0,276.778,44.5114,0.0,0.0,0.2330000000000041,0.0
165.25,0.0,277.011,44.5068,0.0,0.0,0.2330000000000041,0.0
165.5,0.0,277.243,44.5097,0.0,0.0,0.2319999999999709,0.0
165.25,0.0,277.476,44.5093,0.0,0.0,0.2330000000000041,0.0
165.75,0.0,277.709,44.5128,0.0,0.0,0.2330000000000041,0.0
166.0,0.0,277.941,44.5148,0.0,0.0,0.2319999999999709,0.0
166.0,0.0,278.174,44.5147,0.0,0.0,0.2330000000000041,0.0
166.25,0.0,278.407,44.5105,0.0,0.0,0.2330000000000041,0.0
166.5,0.0,278.639,44.5116,0.0,0.0,0.23200000000002774,0.0
166.25,0.0,278.872,44.5141,0.0,0.0,0.2330000000000041,0.0
166.0,0.0,279.105,44.5122,0.0,0.0,0.2330000000000041,0.0
166.5,0.0,279.337,44.5161,0.0,0.0,0.2319999999999709,0.0
166.25,0.0,279.57,44.5094,0.0,0.0,0.2330000000000041,0.0
167.0,0.0,279.803,44.5103,0.0,0.0,0.2330000000000041,0.0
167.25,0.0,280.035,44.5166,0.0,0.0,0.23200000000002774,0.0
167.5,0.0,280.268,44.5112,0.0,0.0,0.23299999999994725,0.0
167.5,0.0,280.501,44.5141,0.0,0.0,0.2330000000000041,0.0
167.25,0.0,280.733,44.5116,0.0,0.0,0.23200000000002774,0.0
167.75,0.0,280.966,44.5178,0.0,0.0,0.2330000000000041,0.0
167.5,0.0,281.199,44.5126,0.0,0.0,0.2330000000000041,0.0
168.0,0.0,281.431,44.5146,0.0,0.0,0.2319999999999709,0.0
167.75,0.0,281.664,44.5068,0.0,0.0,0.2330000000000041,0.0
168.5,0.0,281.897,44.5143,0.0,0.0,0.2330000000000041,0.0
168.0,0.0,282.129,44.5059,0.0,0.0,0.23200000000002774,0.0
168.5,0.0,282.362,44.5122,0.0,0.0,0.2330000000000041,0.0
168.5,0.0,282.595,44.5093,0.0,0.0,0.2330000000000041,0.0
169.0,0.0,282.827,44.5118,0.0,0.0,0.2319999999999709,0.0
168.75,0.0,283.06,44.5129,0.0,0.0,0.2330000000000041,0.0
168.75,0.0,283.293,44.5139,0.0,0.0,0.2330000000000041,0.0
169.25,0.0,283.525,44.5121,0.0,0.0,0.2319999999999709,0.0
169.25,0.0,283.758,44.5127,0.0,0.0,0.2330000000000041,0.0
169.0,0.0,283.991,44.513,0.0,0.0,0.2330000000000041,0.0
169.5,0.0,284.223,44.5168,0.0,0.0,0.23200000000002774,0.0
169.5,0.0,284.456,44.5188,0.0,0.0,0.2330000000000041,0.0
169.75,0.0,284.689,44.516,0.0,0.0,0.2330000000000041,0.0
169.25,0.0,284.921,44.5092,0.0,0.0,0.2319999999999709,0.0
169.75,0.0,285.154,44.5106,0.0,0.0,0.2330000000000041,0.0
169.5,0.0,285.387,44.5129,0.0,0.0,0.2330000000000041,0.0
170.0,0.0,285.619,44.5108,0.0,0.0,0.23200000000002774,0.0
170.25,0.0,285.852,44.5124,0.0,0.0,0.23299999999994725,0.0
170.0,0.0,286.085,44.514,0.0,0.0,0.2330000000000041,0.0
170.5,0.0,286.317,44.5161,0.0,0.0,0.23200000000002774,0.0
169.75,0.0,286.558,44.5163,0.0,0.0,0.24099999999998545,0.0
170.75,0.0,286.791,44.5078,0.0,0.0,0.2330000000000041,0.0
170.75,0.0,287.024,44.513,0.0,0.0,0.2330000000000041,0.0
171.0,0.0,287.256,44.513,0.0,0.0,0.2319999999999709,0.0
171.25,0.0,287.489,44.5069,0.0,0.0,0.2330000000000041,0.0
171.25,0.0,287.73,44.514,0.0,0.0,0.2410000000000423,0.0
171.25,0.0,287.963,44.512,0.0,0.0,0.2330000000000041,0.0
171.0,0.0,288.196,44.5093,0.0,0.0,0.2330000000000041,0.0
170.75,0.0,288.428,44.5083,0.0,0.0,0.2319999999999709,0.0
171.0,0.0,288.661,44.512,0.0,0.0,0.2330000000000041,0.0
171.75,0.0,288.894,44.5126,0.0,0.0,0.2330000000000041,0.0
172.0,0.0,289.126,44.5129,0.0,0.0,0.2319999999999709,0.0
172.0,0.0,289.359,44.5167,0.0,0.0,0.2330000000000041,0.0
171.75,0.0,289.592,44.516,0.0,0.0,0.2330000000000041,0.0
171.5,0.0,289.832,44.5176,0.0,0.0,0.2400000000000091,0.0
172.0,0.0,290.065,44.5148,0.0,0.0,0.2330000000000041,0.0
172.25,0.0,290.298,44.5121,0.0,0.0,0.2330000000000041,0.0
172.25,0.0,290.53,44.5134,0.0,0.0,0.2319999999999709,0.0
172.25,0.0,290.763,44.515,0.0,0.0,0.2330000000000041,0.0
172.5,0.0,290.996,44.5076,0.0,0.0,0.2330000000000041,0.0
172.0,0.0,291.228,44.5155,0.0,0.0,0.23200000000002774,0.0
171.75,0.0,291.461,44.5109,0.0,0.0,0.2330000000000041,0.0
172.0,0.0,291.704,44.5141,0.0,0.0,0.242999999999995,0.0
172.25,0.0,291.937,44.5116,0.0,0.0,0.2330000000000041,0.0
172.0,0.0,292.17,44.5111,0.0,0.0,0.2330000000000041,0.0
172.5,0.0,292.402,44.5141,0.0,0.0,0.2319999999999709,0.0
172.0,0.0,292.635,44.5127,0.0,0.0,0.2330000000000041,0.0
172.0,0.0,292.868,44.5153,0.0,0.0,0.2330000000000041,0.0
172.25,0.0,293.1,44.512,0.0,0.0,0.23200000000002774,0.0
172.75,0.0,293.333,44.5144,0.0,0.0,0.2330000000000041,0.0
172.75,0.0,293.566,44.512,0.0,0.0,0.23299999999994725,0.0
172.75,0.0,293.798,44.5105,0.0,0.0,0.23200000000002774,0.0
173.0,0.0,294.031,44.5147,0.0,0.0,0.2330000000000041,0.0
173.25,0.0,294.264,44.5105,0.0,0.0,0.2330000000000041,0.0
173.0,0.0,294.496,44.5127,0.0,0.0,0.2319999999999709,0.0
173.25,0.0,294.729,44.5094,0.0,0.0,0.2330000000000041,0.0
173.5,0.0,294.962,44.5187,0.0,0.0,0.2330000000000041,0.0
173.75,0.0,295.194,44.5079,0.0,0.0,0.23200000000002774,0.0
173.25,0.0,295.427,44.511,0.0,0.0,0.2330000000000041,0.0
173.75,0.0,295.66,44.5132,0.0,0.0,0.2330000000000041,0.0
173.25,0.0,295.892,44.5121,0.0,0.0,0.2319999999999709,0.0
173.5,0.0,296.125,44.5091,0.0,0.0,0.2330000000000041,0.0
173.5,0.0,296.358,44.5089,0.0,0.0,0.2330000000000041,0.0
173.5,0.0,296.59,44.5108,0.0,0.0,0.2319999999999709,0.0
174.0,0.0,296.823,44.5115,0.0,0.0,0.2330000000000041,0.0
174.25,0.0,297.056,44.5141,0.0,0.0,0.2330000000000041,0.0
174.25,0.0,297.288,44.5121,0.0,0.0,0.23200000000002774,0.0
174.25,0.0,297.521,44.5095,0.0,0.0,0.2330000000000041,0.0
174.75,0.0,297.754,44.5117,0.0,0.0,0.2330000000000041,0.0
174.25,0.0,297.986,44.5107,0.0,0.0,0.2319999999999709,0.0
175.0,0.0,298.219,44.5123,0.0,0.0,0.2330000000000041,0.0
175.25,0.0,298.452,44.5139,0.0,0.0,0.2330000000000041,0.0
174.75,0.0,298.684,44.5136,0.0,0.0,0.23200000000002774,0.0
175.25,0.0,298.917,44.5116,0.0,0.0,0.23299999999994725,0.0
175.5,0.0,299.15,44.5085,0.0,0.0,0.2330000000000041,0.0
175.75,0.0,299.382,44.5133,0.0,0.0,0.23200000000002774,0.0
175.75,0.0,299.615,44.5112,0.0,0.0,0.2330000000000041,0.0
175.5,0.0,299.848,44.5163,0.0,0.0,0.2330000000000041,0.0
175.75,0.0,300.08,44.5108,0.0,0.0,0.2319999999999709,0.0
175.75,0.0,300.313,44.5122,0.0,0.0,0.2330000000000041,0.0
176.25,0.0,300.546,44.5149,0.0,0.0,0.2330000000000041,0.0
176.25,0.0,300.778,44.5154,0.0,0.0,0.23200000000002774,0.0
176.5,0.0,301.011,44.5197,0.0,0.0,0.2330000000000041,0.0
176.0,0.0,301.244,44.5107,0.0,0.0,0.2330000000000041,0.0
176.25,0.0,301.476,44.5126,0.0,0.0,0.2319999999999709,0.0
176.5,0.0,301.709,44.5114,0.0,0.0,0.2330000000000041,0.0
176.25,0.0,301.942,44.5086,0.0,0.0,0.2330000000000041,0.0
177.0,0.0,302.174,44.5124,0.0,0.0,0.2319999999999709,0.0
176.75,0.0,302.407,44.5076,0.0,0.0,0.2330000000000041,0.0
177.25,0.0,302.64,44.5089,0.0,0.0,0.2330000000000041,0.0
177.25,0.0,302.872,44.5128,0.0,0.0,0.23200000000002774,0.0
176.75,0.0,303.105,44.5125,0.0,0.0,0.2330000000000041,0.0
177.75,0.0,303.338,44.5136,0.0,0.0,0.2330000000000041,0.0
178.0,0.0,303.57,44.5124,0.0,0.0,0.2319999999999709,0.0
178.0,0.0,303.803,44.5097,0.0,0.0,0.2330000000000041,0.0
178.75,0.0,304.036,44.5155,0.0,0.0,0.2330000000000041,0.0
178.25,0.0,304.268,44.5113,0.0,0.0,0.2319999999999709,0.0
179.0,0.0,304.508,44.511,0.0,0.0,0.2400000000000091,0.0
179.0,0.0,304.741,44.509,0.0,0.0,0.2330000000000041,0.0
179.5,0.0,304.974,44.5131,0.0,0.0,0.2330000000000041,0.0
179.25,0.0,305.206,44.5139,0.0,0.0,0.23200000000002774,0.0
179.75,0.0,305.439,44.5119,0.0,0.0,0.2330000000000041,0.0
179.75,0.0,305.672,44.5124,0.0,0.0,0.2330000000000041,0.0
180.0,0.0,305.904,44.5162,0.0,0.0,0.2319999999999709,0.0
180.25,0.0,306.137,44.5093,0.0,0.0,0.2330000000000041,0.0
180.0,0.0,306.37,44.5105,0.0,0.0,0.2330000000000041,0.0
180.25,0.0,306.602,44.5112,0.0,0.0,0.2319999999999709,0.0
180.0,0.0,306.835,44.5123,0.0,0.0,0.2330000000000041,0.0
180.75,0.0,307.068,44.5129,0.0,0.0,0.2330000000000041,0.0
180.75,0.0,307.3,44.5106,0.0,0.0,0.23200000000002774,0.0
180.75,0.0,307.533,44.5136,0.0,0.0,0.2330000000000041,0.0
181.25,0.0,307.766,44.5103,0.0,0.0,0.2330000000000041,0.0
180.75,0.0,307.998,44.5087,0.0,0.0,0.2319999999999709,0.0
181.25,0.0,308.231,44.5171,0.0,0.0,0.2330000000000041,0.0
181.5,0.0,308.464,44.5131,0.0,0.0,0.2330000000000041,0.0
181.5,0.0,308.696,44.5173,0.0,0.0,0.23200000000002774,0.0
181.0,0.0,308.929,44.5118,0.0,0.0,0.23299999999994725,0.0
181.75,0.0,309.162,44.512,0.0,0.0,0.2330000000000041,0.0
181.75,0.0,309.394,44.508,0.0,0.0,0.23200000000002774,0.0
182.25,0.0,309.627,44.5104,0.0,0.0,0.2330000000000041,0.0
181.5,0.0,309.86,44.5123,0.0,0.0,0.2330000000000041,0.0
182.0,0.0,310.092,44.5124,0.0,0.0,0.2319999999999709,0.0
182.0,0.0,310.325,44.5115,0.0,0.0,0.2330000000000041,0.0
182.25,0.0,310.558,44.5147,0.0,0.0,0.2330000000000041,0.0
182.5,0.0,310.79,44.5093,0.0,0.0,0.23200000000002774,0.0
183.0,0.0,311.023,44.5076,0.0,0.0,0.2330000000000041,0.0
182.5,0.0,311.256,44.508,0.0,0.0,0.23299999999994725,0.0
182.75,0.0,311.488,44.5117,0.0,0.0,0.23200000000002774,0.0
182.75,0.0,311.721,44.5092,0.0,0.0,0.2330000000000041,0.0
183.25,0.0,311.954,44.5076,0.0,0.0,0.2330000000000041,0.0
183.25,0.0,312.186,44.5089,0.0,0.0,0.2319999999999709,0.0
183.5,0.0,312.419,44.5101,0.0,0.0,0.2330000000000041,0.0
183.5,0.0,312.652,44.5146,0.0,0.0,0.2330000000000041,0.0
183.5,0.0,312.884,44.5131,0.0,0.0,0.23200000000002774,0.0
183.25,0.0,313.117,44.5116,0.0,0.0,0.2330000000000041,0.0
184.0,0.0,313.35,44.511,0.0,0.0,0.2330000000000041,0.0
184.25,0.0,313.582,44.5095,0.0,0.0,0.2319999999999709,0.0
184.0,0.0,313.815,44.5122,0.0,0.0,0.2330000000000041,0.0
184.5,0.0,314.048,44.5075,0.0,0.0,0.2330000000000041,0.0
184.75,0.0,314.282,44.5121,0.0,0.0,0.23399999999998045,0.0
184.5,0.0,314.515,44.5094,0.0,0.0,0.2330000000000041,0.0
184.75,0.0,314.756,44.5102,0.0,0.0,0.24099999999998545,0.0
185.0,0.0,314.989,44.5057,0.0,0.0,0.2330000000000041,0.0
185.0,0.0,315.222,44.513,0.0,0.0,0.2330000000000041,0.0
185.0,0.0,315.454,44.5128,0.0,0.0,0.23200000000002774,0.0
185.5,0.0,315.687,44.5101,0.0,0.0,0.2330000000000041,0.0
185.0,0.0,315.92,44.5124,0.0,0.0,0.2330000000000041,0.0
184.5,0.0,316.153,44.5131,0.0,0.0,0.2330000000000041,0.0
183.5,0.0,316.385,44.5118,0.0,0.0,0.2319999999999709,0.0
183.5,0.0,316.618,44.5068,0.0,0.0,0.2330000000000041,0.0
182.75,0.0,316.851,44.5139,0.0,0.0,0.2330000000000041,0.0
182.25,0.0,317.091,44.5108,0.0,0.0,0.2400000000000091,0.0
183.5,0.0,317.324,44.5072,0.0,0.0,0.2330000000000041,0.0
182.25,0.0,317.557,44.5079,0.0,0.0,0.2330000000000041,0.0
182.75,0.0,317.789,44.5101,0.0,0.0,0.2319999999999709,0.0
182.0,0.0,318.022,44.509,0.0,0.0,0.2330000000000041,0.0
182.25,0.0,318.255,44.5141,0.0,0.0,0.2330000000000041,0.0
182.5,0.0,318.487,44.5108,0.0,0.0,0.23200000000002774,0.0
182.25,0.0,318.72,44.5095,0.0,0.0,0.2330000000000041,0.0
182.25,0.0,318.953,44.5148,0.0,0.0,0.23299999999994725,0.0
183.0,0.0,319.185,44.5137,0.0,0.0,0.23200000000002774,0.0
182.25,0.0,319.418,44.5103,0.0,0.0,0.2330000000000041,0.0
183.0,0.0,319.651,44.5161,0.0,0.0,0.2330000000000041,0.0
183.75,0.0,319.891,44.5118,0.0,0.0,0.2400000000000091,0.0
183.5,0.0,320.124,44.5112,0.0,0.0,0.2330000000000041,0.0
184.0,0.0,320.357,44.5073,0.0,0.0,0.2330000000000041,0.0
183.5,0.0,320.589,44.5089,0.0,0.0,0.2319999999999709,0.0
183.75,0.0,320.822,44.5105,0.0,0.0,0.2330000000000041,0.0
184.0,0.0,321.055,44.5116,0.0,0.0,0.2330000000000041,0.0
184.25,0.0,321.287,44.5125,0.0,0.0,0.2319999999999709,0.0
184.0,0.0,321.52,44.514,0.0,0.0,0.2330000000000041,0.0
184.0,0.0,321.753,44.5107,0.0,0.0,0.2330000000000041,0.0
184.0,0.0,321.985,44.5119,0.0,0.0,0.23200000000002774,0.0
184.5,0.0,322.218,44.5095,0.0,0.0,0.2330000000000041,0.0
184.5,0.0,322.458,44.507,0.0,0.0,0.2400000000000091,0.0
184.75,0.0,322.691,44.5045,0.0,0.0,0.23299999999994725,0.0
184.75,0.0,322.924,44.5108,0.0,0.0,0.2330000000000041,0.0
185.0,0.0,323.156,44.5052,0.0,0.0,0.23200000000002774,0.0
185.0,0.0,323.389,44.5097,0.0,0.0,0.2330000000000041,0.0
185.0,0.0,323.622,44.5087,0.0,0.0,0.2330000000000041,0.0
185.0,0.0,323.854,44.5071,0.0,0.0,0.2319999999999709,0.0
184.5,0.0,324.087,44.5109,0.0,0.0,0.2330000000000041,0.0
184.5,0.0,324.32,44.5102,0.0,0.0,0.2330000000000041,0.0
184.5,0.0,324.552,44.5108,0.0,0.0,0.23200000000002774,0.0
184.25,0.0,324.785,44.5161,0.0,0.0,0.2330000000000041,0.0
183.5,0.0,325.018,44.514,0.0,0.0,0.23299999999994725,0.0
184.25,0.0,325.25,44.5116,0.0,0.0,0.23200000000002774,0.0
183.25,0.0,325.483,44.513,0.0,0.0,0.2330000000000041,0.0
183.75,0.0,325.716,44.5088,0.0,0.0,0.2330000000000041,0.0
184.0,0.0,325.948,44.5097,0.0,0.0,0.2319999999999709,0.0
184.0,0.0,326.181,44.5081,0.0,0.0,0.2330000000000041,0.0
184.0,0.0,326.414,44.5157,0.0,0.0,0.2330000000000041,0.0
184.25,0.0,326.646,44.5103,0.0,0.0,0.23200000000002774,0.0
184.75,0.0,326.879,44.5126,0.0,0.0,0.2330000000000041,0.0
184.25,0.0,327.112,44.5133,0.0,0.0,0.2330000000000041,0.0
184.75,0.0,327.344,44.5157,0.0,0.0,0.2319999999999709,0.0
184.25,0.0,327.577,44.5136,0.0,0.0,0.2330000000000041,0.0
185.25,0.0,327.81,44.5175,0.0,0.0,0.2330000000000041,0.0
185.5,0.0,328.042,44.5095,0.0,0.0,0.2319999999999709,0.0
185.0,0.0,328.275,44.5128,0.0,0.0,0.2330000000000041,0.0
185.5,0.0,328.508,44.5123,0.0,0.0,0.2330000000000041,0.0
185.25,0.0,328.74,44.5101,0.0,0.0,0.23200000000002774,0.0
185.75,0.0,328.973,44.5101,0.0,0.0,0.2330000000000041,0.0
185.5,0.0,329.206,44.5049,0.0,0.0,0.2330000000000041,0.0
185.75,0.0,329.438,44.51,0.0,0.0,0.2319999999999709,0.0
186.25,0.0,329.671,44.5107,0.0,0.0,0.2330000000000041,0.0
186.25,0.0,329.904,44.5115,0.0,0.0,0.2330000000000041,0.0
186.0,0.0,330.136,44.5159,0.0,0.0,0.23200000000002774,0.0
186.0,0.0,330.369,44.5147,0.0,0.0,0.2330000000000041,0.0
186.5,0.0,330.602,44.5127,0.0,0.0,0.23299999999994725,0.0
186.75,0.0,330.834,44.5126,0.0,0.0,0.23200000000002774,0.0
186.75,0.0,331.067,44.513,0.0,0.0,0.2330000000000041,0.0
187.0,0.0,331.3,44.5086,0.0,0.0,0.2330000000000041,0.0
186.75,0.0,331.532,44.5109,0.0,0.0,0.2319999999999709,0.0
187.0,0.0,331.765,44.5095,0.0,0.0,0.2330000000000041,0.0
187.5,0.0,331.998,44.509,0.0,0.0,0.2330000000000041,0.0
187.5,0.0,332.23,44.5098,0.0,0.0,0.23200000000002774,0.0
187.75,0.0,332.463,44.5176,0.0,0.0,0.2330000000000041,0.0
187.5,0.0,332.696,44.5117,0.0,0.0,0.2330000000000041,0.0
187.75,0.0,332.928,44.5103,0.0,0.0,0.2319999999999709,0.0
188.0,0.0,333.161,44.5123,0.0,0.0,0.2330000000000041,0.0
188.0,0.0,333.394,44.5111,0.0,0.0,0.2330000000000041,0.0
188.25,0.0,333.626,44.5122,0.0,0.0,0.2319999999999709,0.0
188.25,0.0,333.859,44.5074,0.0,0.0,0.2330000000000041,0.0
188.0,0.0,334.092,44.515,0.0,0.0,0.2330000000000041,0.0
188.75,0.0,334.324,44.5078,0.0,0.0,0.23200000000002774,0.0
189.0,0.0,334.557,44.5114,0.0,0.0,0.2330000000000041,0.0
189.25,0.0,334.79,44.511,0.0,0.0,0.2330000000000041,0.0
189.5,0.0,335.022,44.5092,0.0,0.0,0.2319999999999709,0.0
189.0,0.0,335.255,44.5106,0.0,0.0,0.2330000000000041,0.0
189.5,0.0,335.488,44.5121,0.0,0.0,0.2330000000000041,0.0
190.25,0.0,335.72,44.5121,0.0,0.0,0.23200000000002774,0.0
190.0,0.0,335.953,44.5166,0.0,0.0,0.23299999999994725,0.0
190.75,0.0,336.186,44.5097,0.0,0.0,0.2330000000000041,0.0
190.5,0.0,336.418,44.5137,0.0,0.0,0.23200000000002774,0.0
190.75,0.0,336.651,44.5088,0.0,0.0,0.2330000000000041,0.0
191.5,0.0,336.884,44.5118,0.0,0.0,0.2330000000000041,0.0
191.0,0.0,337.116,44.5072,0.0,0.0,0.2319999999999709,0.0
191.5,0.0,337.349,44.5092,0.0,0.0,0.2330000000000041,0.0
191.5,0.0,337.582,44.5098,0.0,0.0,0.2330000000000041,0.0
191.5,0.0,337.814,44.5117,0.0,0.0,0.23200000000002774,0.0
192.0,0.0,338.047,44.5133,0.0,0.0,0.2330000000000041,0.0
191.75,0.0,338.28,44.5113,0.0,0.0,0.23299999999994725,0.0
192.25,0.0,338.512,44.5103,0.0,0.0,0.23200000000002774,0.0
192.0,0.0,338.745,44.5161,0.0,0.0,0.2330000000000041,0.0
192.75,0.0,338.978,44.5117,0.0,0.0,0.2330000000000041,0.0
192.0,0.0,339.21,44.5091,0.0,0.0,0.2319999999999709,0.0
192.75,0.0,339.443,44.5098,0.0,0.0,0.2330000000000041,0.0
193.0,0.0,339.676,44.509,0.0,0.0,0.2330000000000041,0.0
193.0,0.0,339.908,44.5112,0.0,0.0,0.23200000000002774,0.0
192.75,0.0,340.141,44.5093,0.0,0.0,0.2330000000000041,0.0
193.25,0.0,340.374,44.5124,0.0,0.0,0.2330000000000041,0.0
193.0,0.0,340.606,44.5116,0.0,0.0,0.2319999999999709,0.0
193.5,0.0,340.839,44.5088,0.0,0.0,0.2330000000000041,0.0
193.5,0.0,341.072,44.5089,0.0,0.0,0.2330000000000041,0.0
193.75,0.0,341.304,44.5115,0.0,0.0,0.2319999999999709,0.0
193.75,0.0,341.537,44.5111,0.0,0.0,0.2330000000000041,0.0
193.5,0.0,341.77,44.5132,0.0,0.0,0.2330000000000041,0.0
194.25,0.0,342.002,44.511,0.0,0.0,0.23200000000002774,0.0
194.25,0.0,342.235,44.5101,0.0,0.0,0.2330000000000041,0.0
194.25,0.0,342.468,44.5124,0.0,0.0,0.2330000000000041,0.0
194.75,0.0,342.7,44.5087,0.0,0.0,0.2319999999999709,0.0
194.5,0.0,342.933,44.5054,0.0,0.0,0.2330000000000041,0.0
194.5,0.0,343.166,44.506,0.0,0.0,0.2330000000000041,0.0
195.25,0.0,343.398,44.5107,0.0,0.0,0.23200000000002774,0.0
195.0,0.0,343.631,44.5132,0.0,0.0,0.23299999999994725,0.0
195.5,0.0,343.864,44.5089,0.0,0.0,0.2330000000000041,0.0
195.5,0.0,344.096,44.5101,0.0,0.0,0.23200000000002774,0.0
195.75,0.0,344.329,44.5087,0.0,0.0,0.2330000000000041,0.0
195.75,0.0,344.562,44.5097,0.0,0.0,0.2330000000000041,0.0
196.25,0.0,344.794,44.509,0.0,0.0,0.2319999999999709,0.0
195.5,0.0,345.027,44.5118,0.0,0.0,0.2330000000000041,0.0
196.25,0.0,345.26,44.5073,0.0,0.0,0.2330000000000041,0.0
195.75,0.0,345.492,44.5154,0.0,0.0,0.23200000000002774,0.0
196.25,0.0,345.727,44.5069,0.0,0.0,0.2349999999999568,0.0
196.5,0.0,345.96,44.5106,0.0,0.0,0.2330000000000041,0.0
196.0,0.0,346.193,44.5117,0.0,0.0,0.2330000000000041,0.0
196.75,0.0,346.425,44.5135,0.0,0.0,0.23200000000002774,0.0
196.5,0.0,346.658,44.5095,0.0,0.0,0.2330000000000041,0.0
197.0,0.0,346.891,44.5072,0.0,0.0,0.2330000000000041,0.0
196.75,0.0,347.123,44.5134,0.0,0.0,0.2319999999999709,0.0
197.0,0.0,347.356,44.5141,0.0,0.0,0.2330000000000041,0.0
197.25,0.0,347.589,44.508,0.0,0.0,0.2330000000000041,0.0
197.0,0.0,347.821,44.508,0.0,0.0,0.23200000000002774,0.0
197.0,0.0,348.054,44.5103,0.0,0.0,0.23299999999994725,0.0
197.5,0.0,348.287,44.5109,0.0,0.0,0.2330000000000041,0.0
197.25,0.0,348.519,44.5135,0.0,0.0,0.23200000000002774,0.0
198.0,0.0,348.752,44.5132,0.0,0.0,0.2330000000000041,0.0
197.75,0.0,348.985,44.5097,0.0,0.0,0.2330000000000041,0.0
197.75,0.0,349.217,44.5027,0.0,0.0,0.2319999999999709,0.0
198.5,0.0,349.45,44.5101,0.0,0.0,0.2330000000000041,0.0
198.75,0.0,349.683,44.5103,0.0,0.0,0.2330000000000041,0.0
198.75,0.0,349.915,44.5108,0.0,0.0,0.23200000000002774,0.0
198.5,0.0,350.148,44.5111,0.0,0.0,0.2330000000000041,0.0
199.5,0.0,350.381,44.513,0.0,0.0,0.23299999999994725,0.0
199.5,0.0,350.613,44.5118,0.0,0.0,0.23200000000002774,0.0
199.5,0.0,350.846,44.5064,0.0,0.0,0.2330000000000041,0.0
199.5,0.0,351.079,44.5129,0.0,0.0,0.2330000000000041,0.0
199.75,0.0,351.311,44.5121,0.0,0.0,0.2319999999999709,0.0
199.75,0.0,351.544,44.5185,0.0,0.0,0.2330000000000041,0.0
199.5,0.0,351.777,44.5087,0.0,0.0,0.2330000000000041,0.0
200.0,0.0,352.009,44.5064,0.0,0.0,0.23200000000002774,0.0
200.0,0.0,352.242,44.5158,0.0,0.0,0.2330000000000041,0.0
200.25,0.0,352.475,44.511,0.0,0.0,0.2330000000000041,0.0
200.0,0.0,352.707,44.5101,0.0,0.0,0.2319999999999709,0.0
200.25,0.0,352.94,44.5107,0.0,0.0,0.2330000000000041,0.0
200.25,0.0,353.173,44.5086,0.0,0.0,0.2330000000000041,0.0
200.25,0.0,353.405,44.5081,0.0,0.0,0.2319999999999709,0.0
200.5,0.0,353.638,44.514,0.0,0.0,0.2330000000000041,0.0
200.5,0.0,353.871,44.5052,0.0,0.0,0.2330000000000041,0.0
200.75,0.0,354.103,44.5102,0.0,0.0,0.23200000000002774,0.0
200.75,0.0,354.336,44.5126,0.0,0.0,0.2330000000000041,0.0
200.75,0.0,354.569,44.5066,0.0,0.0,0.2330000000000041,0.0
200.25,0.0,354.801,44.5095,0.0,0.0,0.2319999999999709,0.0
200.75,0.0,355.034,44.512,0.0,0.0,0.2330000000000041,0.0
201.0,0.0,355.267,44.5102,0.0,0.0,0.2330000000000041,0.0
201.5,0.0,355.499,44.51,0.0,0.0,0.23200000000002774,0.0
201.25,0.0,355.732,44.5116,0.0,0.0,0.2330000000000041,0.0
201.5,0.0,355.965,44.5084,0.0,0.0,0.23299999999994725,0.0
201.75,0.0,356.197,44.5103,0.0,0.0,0.23200000000002774,0.0
202.0,0.0,356.43,44.5134,0.0,0.0,0.2330000000000041,0.0
202.0,0.0,356.663,44.5101,0.0,0.0,0.2330000000000041,0.0
202.0,0.0,356.895,44.5104,0.0,0.0,0.2319999999999709,0.0
201.75,0.0,357.128,44.5066,0.0,0.0,0.2330000000000041,0.0
202.5,0.0,357.361,44.5081,0.0,0.0,0.2330000000000041,0.0
202.5,0.0,357.593,44.5034,0.0,0.0,0.23200000000002774,0.0
202.5,0.0,357.826,44.5011,0.0,0.0,0.2330000000000041,0.0
202.5,0.0,358.059,44.5117,0.0,0.0,0.2330000000000041,0.0
202.5,0.0,358.291,44.5113,0.0,0.0,0.2319999999999709,0.0
202.25,0.0,358.524,44.5111,0.0,0.0,0.2330000000000041,0.0
202.5,0.0,358.757,44.5111,0.0,0.0,0.2330000000000041,0.0
202.75,0.0,358.989,44.5144,0.0,0.0,0.2319999999999709,0.0
202.5,0.0,359.222,44.5065,0.0,0.0,0.2330000000000041,0.0
203.0,0.0,359.455,44.507,0.0,0.0,0.2330000000000041,0.0
203.0,0.0,359.687,44.5077,0.0,0.0,0.23200000000002774,0.0
203.25,0.0,359.92,44.5084,0.0,0.0,0.2330000000000041,0.0
203.25,0.0,360.153,44.5037,0.0,0.0,0.2330000000000041,0.0
204.0,0.0,360.385,44.5073,0.0,0.0,0.2319999999999709,0.0
204.0,0.0,360.618,44.5056,0.0,0.0,0.2330000000000041,0.0
204.5,0.0,360.851,44.5059,0.0,0.0,0.2330000000000041,0.0
203.75,0.0,361.083,44.5052,0.0,0.0,0.23200000000002774,0.0
204.0,0.0,361.316,44.5052,0.0,0.0,0.23299999999994725,0.0
204.25,0.0,361.549,44.51,0.0,0.0,0.2330000000000041,0.0
204.25,0.0,361.781,44.5055,0.0,0.0,0.23200000000002774,0.0
204.5,0.0,362.014,44.5109,0.0,0.0,0.2330000000000041,0.0
204.25,0.0,362.247,44.5096,0.0,0.0,0.2330000000000041,0.0
204.75,0.0,362.479,44.5068,0.0,0.0,0.2319999999999709,0.0
205.75,0.0,362.712,44.5132,0.0,0.0,0.2330000000000041,0.0
205.75,0.0,362.945,44.512,0.0,0.0,0.2330000000000041,0.0
205.75,0.0,363.177,44.5081,0.0,0.0,0.23200000000002774,0.0
205.75,0.0,363.41,44.5067,0.0,0.0,0.2330000000000041,0.0
206.25,0.0,363.643,44.5078,0.0,0.0,0.23299999999994725,0.0
206.25,0.0,363.875,44.5147,0.0,0.0,0.23200000000002774,0.0
206.0,0.0,364.108,44.51,0.0,0.0,0.2330000000000041,0.0
206.5,0.0,364.341,44.5089,0.0,0.0,0.2330000000000041,0.0
206.0,0.0,364.573,44.5085,0.0,0.0,0.2319999999999709,0.0
206.5,0.0,364.806,44.5102,0.0,0.0,0.2330000000000041,0.0
206.75,0.0,365.039,44.5084,0.0,0.0,0.2330000000000041,0.0
207.25,0.0,365.271,44.5085,0.0,0.0,0.23200000000002774,0.0
207.0,0.0,365.504,44.5067,0.0,0.0,0.2330000000000041,0.0
206.5,0.0,365.737,44.5161,0.0,0.0,0.2330000000000041,0.0
207.25,0.0,365.969,44.5081,0.0,0.0,0.2319999999999709,0.0
207.0,0.0,366.202,44.5068,0.0,0.0,0.2330000000000041,0.0
207.75,0.0,366.435,44.5085,0.0,0.0,0.2330000000000041,0.0
207.25,0.0,366.667,44.5067,0.0,0.0,0.2319999999999709,0.0
207.75,0.0,366.9,44.5103,0.0,0.0,0.2330000000000041,0.0
208.0,0.0,367.133,44.5095,0.0,0.0,0.2330000000000041,0.0
208.25,0.0,367.365,44.5109,0.0,0.0,0.23200000000002774,0.0
208.25,0.0,367.598,44.5098,0.0,0.0,0.2330000000000041,0.0
208.5,0.0,367.831,44.5137,0.0,0.0,0.2330000000000041,0.0
208.5,0.0,368.063,44.5117,0.0,0.0,0.2319999999999709,0.0
208.5,0.0,368.296,44.5058,0.0,0.0,0.2330000000000041,0.0
208.5,0.0,368.529,44.5123,0.0,0.0,0.2330000000000041,0.0
208.75,0.0,368.761,44.511,0.0,0.0,0.23200000000002774,0.0
208.75,0.0,368.994,44.5106,0.0,0.0,0.2330000000000041,0.0
208.25,0.0,369.227,44.5059,0.0,0.0,0.23299999999994725,0.0
208.75,0.0,369.459,44.5133,0.0,0.0,0.23200000000002774,0.0
209.25,0.0,369.692,44.5064,0.0,0.0,0.2330000000000041,0.0
209.0,0.0,369.925,44.5119,0.0,0.0,0.2330000000000041,0.0
209.25,0.0,370.157,44.5068,0.0,0.0,0.2319999999999709,0.0
208.75,0.0,370.39,44.507,0.0,0.0,0.2330000000000041,0.0
209.25,0.0,370.623,44.509,0.0,0.0,0.2330000000000041,0.0
209.5,0.0,370.855,44.512,0.0,0.0,0.23200000000002774,0.0
209.0,0.0,371.088,44.5102,0.0,0.0,0.2330000000000041,0.0
209.5,0.0,371.321,44.5018,0.0,0.0,0.2330000000000041,0.0
209.5,0.0,371.553,44.5094,0.0,0.0,0.2319999999999709,0.0
210.0,0.0,371.786,44.5085,0.0,0.0,0.2330000000000041,0.0
210.0,0.0,372.019,44.5092,0.0,0.0,0.2330000000000041,0.0
210.25,0.0,372.251,44.5152,0.0,0.0,0.2319999999999709,0.0
210.5,0.0,372.484,44.5104,0.0,0.0,0.2330000000000041,0.0
210.5,0.0,372.717,44.5062,0.0,0.0,0.2330000000000041,0.0
210.75,0.0,372.949,44.5081,0.0,0.0,0.23200000000002774,0.0
210.75,0.0,373.182,44.5106,0.0,0.0,0.2330000000000041,0.0
210.75,0.0,373.415,44.5094,0.0,0.0,0.2330000000000041,0.0
211.25,0.0,373.647,44.5094,0.0,0.0,0.2319999999999709,0.0
211.25,0.0,373.88,44.5104,0.0,0.0,0.2330000000000041,0.0
211.5,0.0,374.113,44.5078,0.0,0.0,0.2330000000000041,0.0
211.0,0.0,374.345,44.5046,0.0,0.0,0.23200000000002774,0.0
211.75,0.0,374.578,44.5101,0.0,0.0,0.23299999999994725,0.0
212.0,0.0,374.811,44.5084,0.0,0.0,0.2330000000000041,0.0
212.0,0.0,375.043,44.5019,0.0,0.0,0.23200000000002774,0.0
212.0,0.0,375.276,44.5048,0.0,0.0,0.2330000000000041,0.0
211.5,0.0,375.509,44.5077,0.0,0.0,0.2330000000000041,0.0
212.0,0.0,375.741,44.5059,0.0,0.0,0.2319999999999709,0.0
212.25,0.0,375.974,44.5098,0.0,0.0,0.2330000000000041,0.0
212.25,0.0,376.207,44.5096,0.0,0.0,0.2330000000000041,0.0
212.5,0.0,376.439,44.5081,0.0,0.0,0.23200000000002774,0.0
212.5,0.0,376.672,44.5094,0.0,0.0,0.2330000000000041,0.0
212.0,0.0,376.905,44.5132,0.0,0.0,0.23299999999994725,0.0
212.5,0.0,377.137,44.5085,0.0,0.0,0.23200000000002774,0.0
212.25,0.0,377.37,44.5087,0.0,0.0,0.2330000000000041,0.0
212.75,0.0,377.603,44.5095,0.0,0.0,0.2330000000000041,0.0
212.75,0.0,377.835,44.5118,0.0,0.0,0.2319999999999709,0.0
212.75,0.0,378.068,44.5107,0.0,0.0,0.2330000000000041,0.0
211.75,0.0,378.301,44.509,0.0,0.0,0.2330000000000041,0.0
213.0,0.0,378.533,44.5126,0.0,0.0,0.23200000000002774,0.0
213.0,0.0,378.766,44.5123,0.0,0.0,0.2330000000000041,0.0
212.75,0.0,378.999,44.5101,0.0,0.0,0.2330000000000041,0.0
213.0,0.0,379.231,44.51,0.0,0.0,0.2319999999999709,0.0
213.5,0.0,379.464,44.5095,0.0,0.0,0.2330000000000041,0.0
213.75,0.0,379.697,44.5128,0.0,0.0,0.2330000000000041,0.0
213.75,0.0,379.929,44.5059,0.0,0.0,0.2319999999999709,0.0
213.75,0.0,380.162,44.5076,0.0,0.0,0.2330000000000041,0.0
213.75,0.0,380.395,44.5089,0.0,0.0,0.2330000000000041,0.0
214.0,0.0,380.627,44.5081,0.0,0.0,0.23200000000002774,0.0
214.0,0.0,380.86,44.5087,0.0,0.0,0.2330000000000041,0.0
214.0,0.0,381.093,44.5067,0.0,0.0,0.2330000000000041,0.0
214.25,0.0,381.325,44.5097,0.0,0.0,0.2319999999999709,0.0
214.25,0.0,381.558,44.5083,0.0,0.0,0.2330000000000041,0.0
214.5,0.0,381.791,44.5112,0.0,0.0,0.2330000000000041,0.0
215.0,0.0,382.023,44.5075,0.0,0.0,0.23200000000002774,0.0
214.5,0.0,382.256,44.5131,0.0,0.0,0.23299999999994725,0.0
215.0,0.0,382.489,44.5125,0.0,0.0,0.2330000000000041,0.0
215.0,0.0,382.721,44.5087,0.0,0.0,0.23200000000002774,0.0
215.0,0.0,382.954,44.5114,0.0,0.0,0.2330000000000041,0.0
215.0,0.0,383.187,44.5112,0.0,0.0,0.2330000000000041,0.0
215.0,0.0,383.419,44.5109,0.0,0.0,0.2319999999999709,0.0
215.5,0.0,383.652,44.5061,0.0,0.0,0.2330000000000041,0.0
215.75,0.0,383.885,44.5098,0.0,0.0,0.2330000000000041,0.0
215.75,0.0,384.117,44.5066,0.0,0.0,0.23200000000002774,0.0
216.0,0.0,384.35,44.512,0.0,0.0,0.2330000000000041,0.0
216.0,0.0,384.583,44.5109,0.0,0.0,0.2330000000000041,0.0
216.0,0.0,384.815,44.5094,0.0,0.0,0.2319999999999709,0.0
216.0,0.0,385.048,44.5049,0.0,0.0,0.2330000000000041,0.0
216.0,0.0,385.281,44.5079,0.0,0.0,0.2330000000000041,0.0
216.25,0.0,385.513,44.5107,0.0,0.0,0.2319999999999709,0.0
216.25,0.0,385.746,44.5109,0.0,0.0,0.2330000000000041,0.0
216.75,0.0,385.979,44.5109,0.0,0.0,0.2330000000000041,0.0
216.5,0.0,386.211,44.508,0.0,0.0,0.23200000000002774,0.0
217.0,0.0,386.444,44.51,0.0,0.0,0.2330000000000041,0.0
217.0,0.0,386.677,44.5073,0.0,0.0,0.2330000000000041,0.0
217.0,0.0,386.909,44.5082,0.0,0.0,0.2319999999999709,0.0
216.75,0.0,387.142,44.5106,0.0,0.0,0.2330000000000041,0.0
217.0,0.0,387.375,44.5125,0.0,0.0,0.2330000000000041,0.0
217.5,0.0,387.607,44.5118,0.0,0.0,0.23200000000002774,0.0
217.25,0.0,387.84,44.5104,0.0,0.0,0.23299999999994725,0.0
217.25,0.0,388.073,44.5121,0.0,0.0,0.2330000000000041,0.0
217.5,0.0,388.305,44.5049,0.0,0.0,0.23200000000002774,0.0
217.0,0.0,388.538,44.5118,0.0,0.0,0.2330000000000041,0.0
217.75,0.0,388.771,44.5091,0.0,0.0,0.2330000000000041,0.0
217.75,0.0,389.003,44.5123,0.0,0.0,0.2319999999999709,0.0
218.0,0.0,389.236,44.5091,0.0,0.0,0.2330000000000041,0.0
217.75,0.0,389.469,44.5124,0.0,0.0,0.2330000000000041,0.0
217.75,0.0,389.701,44.5064,0.0,0.0,0.23200000000002774,0.0
218.5,0.0,389.934,44.5097,0.0,0.0,0.2330000000000041,0.0
218.25,0.0,390.167,44.5107,0.0,0.0,0.23299999999994725,0.0
218.75,0.0,390.399,44.5124,0.0,0.0,0.23200000000002774,0.0
218.5,0.0,390.632,44.5136,0.0,0.0,0.2330000000000041,0.0
219.0,0.0,390.865,44.5119,0.0,0.0,0.2330000000000041,0.0
219.0,0.0,391.097,44.5081,0.0,0.0,0.2319999999999709,0.0
219.25,0.0,391.33,44.5066,0.0,0.0,0.2330000000000041,0.0
219.5,0.0,391.563,44.5121,0.0,0.0,0.2330000000000041,0.0
219.0,0.0,391.795,44.509,0.0,0.0,0.23200000000002774,0.0
219.25,0.0,392.028,44.513,0.0,0.0,0.2330000000000041,0.0
219.75,0.0,392.261,44.514,0.0,0.0,0.2330000000000041,0.0
219.5,0.0,392.493,44.5086,0.0,0.0,0.2319999999999709,0.0
219.75,0.0,392.726,44.5106,0.0,0.0,0.2330000000000041,0.0
219.75,0.0,392.959,44.5084,0.0,0.0,0.2330000000000041,0.0
220.0,0.0,393.192,44.5086,0.0,0.0,0.2330000000000041,0.0
219.75,0.0,393.424,44.5052,0.0,0.0,0.2319999999999709,0.0
219.5,0.0,393.657,44.5021,0.0,0.0,0.2330000000000041,0.0
220.0,0.0,393.89,44.5097,0.0,0.0,0.2330000000000041,0.0
220.25,0.0,394.122,44.5104,0.0,0.0,0.23200000000002774,0.0
220.25,0.0,394.355,44.5115,0.0,0.0,0.2330000000000041,0.0
220.75,0.0,394.588,44.5139,0.0,0.0,0.2330000000000041,0.0
220.5,0.0,394.82,44.5095,0.0,0.0,0.2319999999999709,0.0
220.75,0.0,395.053,44.5097,0.0,0.0,0.2330000000000041,0.0
221.0,0.0,395.286,44.5096,0.0,0.0,0.2330000000000041,0.0
221.0,0.0,395.518,44.5086,0.0,0.0,0.2319999999999709,0.0
220.75,0.0,395.751,44.5113,0.0,0.0,0.2330000000000041,0.0
221.25,0.0,395.984,44.5091,0.0,0.0,0.2330000000000041,0.0
221.25,0.0,396.216,44.5097,0.0,0.0,0.23200000000002774,0.0
221.0,0.0,396.451,44.5066,0.0,0.0,0.23500000000001364,0.0
221.5,0.0,396.684,44.5081,0.0,0.0,0.2330000000000041,0.0
222.0,0.0,396.917,44.5109,0.0,0.0,0.23299999999994725,0.0
221.5,0.0,397.149,44.5058,0.0,0.0,0.23200000000002774,0.0
221.75,0.0,397.382,44.5126,0.0,0.0,0.2330000000000041,0.0
221.75,0.0,397.615,44.5108,0.0,0.0,0.2330000000000041,0.0
221.5,0.0,397.847,44.5076,0.0,0.0,0.2319999999999709,0.0
221.25,0.0,398.08,44.5065,0.0,0.0,0.2330000000000041,0.0
221.75,0.0,398.313,44.5083,0.0,0.0,0.2330000000000041,0.0
221.75,0.0,398.545,44.5084,0.0,0.0,0.23200000000002774,0.0
222.0,0.0,398.787,44.5054,0.0,0.0,0.2419999999999618,0.0
222.0,0.0,399.02,44.5067,0.0,0.0,0.2330000000000041,0.0
222.25,0.0,399.253,44.5084,0.0,0.0,0.2330000000000041,0.0
222.25,0.0,399.485,44.5056,0.0,0.0,0.23200000000002774,0.0
222.5,0.0,399.718,44.5104,0.0,0.0,0.2330000000000041,0.0
222.25,0.0,399.951,44.5029,0.0,0.0,0.2330000000000041,0.0
222.25,0.0,400.183,44.508,0.0,0.0,0.2319999999999709,0.0
222.75,0.0,400.416,44.5081,0.0,0.0,0.2330000000000041,0.0
222.0,0.0,400.649,44.5089,0.0,0.0,0.2330000000000041,0.0
223.0,0.0,400.881,44.504,0.0,0.0,0.2319999999999709,0.0
223.0,0.0,401.114,44.5093,0.0,0.0,0.2330000000000041,0.0
222.75,0.0,401.347,44.5122,0.0,0.0,0.2330000000000041,0.0
223.5,0.0,401.579,44.5073,0.0,0.0,0.23200000000002774,0.0
223.5,0.0,401.812,44.5084,0.0,0.0,0.2330000000000041,0.0
223.75,0.0,402.045,44.509,0.0,0.0,0.2330000000000041,0.0
223.75,0.0,402.277,44.5071,0.0,0.0,0.2319999999999709,0.0
223.75,0.0,402.51,44.504,0.0,0.0,0.2330000000000041,0.0
223.5,0.0,402.743,44.508,0.0,0.0,0.2330000000000041,0.0
223.5,0.0,402.982,44.5081,0.0,0.0,0.23900000000003274,0.0
224.0,0.0,403.217,44.5106,0.0,0.0,0.2349999999999568,0.0
223.75,0.0,403.45,44.5136,0.0,0.0,0.2330000000000041,0.0
224.0,0.0,403.683,44.5065,0.0,0.0,0.2330000000000041,0.0
224.25,0.0,403.915,44.5065,0.0,0.0,0.23200000000002774,0.0
224.25,0.0,404.15,44.5074,0.0,0.0,0.2349999999999568,0.0
224.5,0.0,404.383,44.5101,0.0,0.0,0.2330000000000041,0.0
224.25,0.0,404.616,44.5152,0.0,0.0,0.2330000000000041,0.0
224.5,0.0,404.848,44.5111,0.0,0.0,0.23200000000002774,0.0
224.75,0.0,405.081,44.5081,0.0,0.0,0.2330000000000041,0.0
224.0,0.0,405.321,44.5026,0.0,0.0,0.2400000000000091,0.0
224.75,0.0,405.554,44.5077,0.0,0.0,0.23299999999994725,0.0
224.25,0.0,405.787,44.507,0.0,0.0,0.2330000000000041,0.0
224.25,0.0,406.019,44.5111,0.0,0.0,0.23200000000002774,0.0
225.0,0.0,406.252,44.5065,0.0,0.0,0.2330000000000041,0.0
224.5,0.0,406.485,44.5115,0.0,0.0,0.2330000000000041,0.0
224.5,0.0,406.717,44.5061,0.0,0.0,0.2319999999999709,0.0
224.25,0.0,406.95,44.5118,0.0,0.0,0.2330000000000041,0.0
225.0,0.0,407.183,44.5141,0.0,0.0,0.2330000000000041,0.0
225.5,0.0,407.415,44.5093,0.0,0.0,0.23200000000002774,0.0
225.0,0.0,407.648,44.5072,0.0,0.0,0.2330000000000041,0.0
225.0,0.0,407.881,44.5115,0.0,0.0,0.23299999999994725,0.0
225.25,0.0,408.113,44.5115,0.0,0.0,0.23200000000002774,0.0
225.75,0.0,408.346,44.5101,0.0,0.0,0.2330000000000041,0.0
225.75,0.0,408.579,44.5085,0.0,0.0,0.2330000000000041,0.0
225.5,0.0,408.811,44.5057,0.0,0.0,0.2319999999999709,0.0
225.75,0.0,409.044,44.5091,0.0,0.0,0.2330000000000041,0.0
226.0,0.0,409.277,44.5065,0.0,0.0,0.2330000000000041,0.0
225.75,0.0,409.509,44.5033,0.0,0.0,0.23200000000002774,0.0
225.75,0.0,409.742,44.5071,0.0,0.0,0.2330000000000041,0.0
225.75,0.0,409.975,44.5047,0.0,0.0,0.2330000000000041,0.0
225.75,0.0,410.207,44.5091,0.0,0.0,0.2319999999999709,0.0
226.0,0.0,410.44,44.5029,0.0,0.0,0.2330000000000041,0.0
225.75,0.0,410.673,44.5067,0.0,0.0,0.2330000000000041,0.0
225.75,0.0,410.905,44.5076,0.0,0.0,0.2319999999999709,0.0
226.0,0.0,411.138,44.5091,0.0,0.0,0.2330000000000041,0.0
226.5,0.0,411.371,44.5088,0.0,0.0,0.2330000000000041,0.0
226.5,0.0,411.603,44.5094,0.0,0.0,0.23200000000002774,0.0
226.75,0.0,411.836,44.5058,0.0,0.0,0.2330000000000041,0.0
226.5,0.0,412.069,44.5012,0.0,0.0,0.2330000000000041,0.0
226.75,0.0,412.301,44.5089,0.0,0.0,0.2319999999999709,0.0
226.5,0.0,412.534,44.5064,0.0,0.0,0.2330000000000041,0.0
226.5,0.0,412.767,44.5082,0.0,0.0,0.2330000000000041,0.0
226.25,0.0,412.999,44.51,0.0,0.0,0.23200000000002774,0.0
226.75,0.0,413.232,44.5122,0.0,0.0,0.2330000000000041,0.0
227.0,0.0,413.465,44.5081,0.0,0.0,0.23299999999994725,0.0
227.0,0.0,413.697,44.5065,0.0,0.0,0.23200000000002774,0.0
227.0,0.0,413.93,44.5124,0.0,0.0,0.2330000000000041,0.0
227.0,0.0,414.163,44.51,0.0,0.0,0.2330000000000041,0.0
227.75,0.0,414.395,44.5109,0.0,0.0,0.2319999999999709,0.0
227.25,0.0,414.628,44.5069,0.0,0.0,0.2330000000000041,0.0
227.75,0.0,414.861,44.5076,0.0,0.0,0.2330000000000041,0.0
227.75,0.0,415.093,44.5094,0.0,0.0,0.23200000000002774,0.0
228.0,0.0,415.326,44.5125,0.0,0.0,0.2330000000000041,0.0
228.0,0.0,415.559,44.5104,0.0,0.0,0.2330000000000041,0.0
227.75,0.0,415.791,44.5117,0.0,0.0,0.2319999999999709,0.0
227.5,0.0,416.024,44.507,0.0,0.0,0.2330000000000041,0.0
228.0,0.0,416.257,44.5062,0.0,0.0,0.2330000000000041,0.0
227.25,0.0,416.489,44.5048,0.0,0.0,0.2319999999999709,0.0
227.75,0.0,416.722,44.5097,0.0,0.0,0.2330000000000041,0.0
227.5,0.0,416.955,44.5041,0.0,0.0,0.2330000000000041,0.0
227.25,0.0,417.187,44.5101,0.0,0.0,0.23200000000002774,0.0
227.5,0.0,417.42,44.5104,0.0,0.0,0.2330000000000041,0.0
227.25,0.0,417.653,44.5058,0.0,0.0,0.2330000000000041,0.0
227.75,0.0,417.885,44.5093,0.0,0.0,0.2319999999999709,0.0
227.5,0.0,418.118,44.5088,0.0,0.0,0.2330000000000041,0.0
227.75,0.0,418.351,44.5065,0.0,0.0,0.2330000000000041,0.0
227.75,0.0,418.583,44.5126,0.0,0.0,0.23200000000002774,0.0
227.25,0.0,418.816,44.5091,0.0,0.0,0.23299999999994725,0.0
227.75,0.0,419.049,44.5108,0.0,0.0,0.2330000000000041,0.0
227.5,0.0,419.281,44.5049,0.0,0.0,0.23200000000002774,0.0
227.5,0.0,419.514,44.5103,0.0,0.0,0.2330000000000041,0.0
227.75,0.0,419.747,44.5098,0.0,0.0,0.2330000000000041,0.0
226.75,0.0,419.979,44.5048,0.0,0.0,0.2319999999999709,0.0
228.0,0.0,420.212,44.5104,0.0,0.0,0.2330000000000041,0.0
228.0,0.0,420.445,44.5086,0.0,0.0,0.2330000000000041,0.0
227.75,0.0,420.677,44.5059,0.0,0.0,0.23200000000002774,0.0
228.5,0.0,420.91,44.504,0.0,0.0,0.2330000000000041,0.0
228.75,0.0,421.143,44.5059,0.0,0.0,0.23299999999994725,0.0
228.75,0.0,421.375,44.5127,0.0,0.0,0.23200000000002774,0.0
229.25,0.0,421.608,44.5081,0.0,0.0,0.2330000000000041,0.0
229.5,0.0,421.841,44.5085,0.0,0.0,0.2330000000000041,0.0
229.75,0.0,422.073,44.5077,0.0,0.0,0.2319999999999709,0.0
229.25,0.0,422.306,44.5114,0.0,0.0,0.2330000000000041,0.0
229.5,0.0,422.539,44.5126,0.0,0.0,0.2330000000000041,0.0
228.5,0.0,422.771,44.5029,0.0,0.0,0.23200000000002774,0.0
228.75,0.0,423.004,44.5074,0.0,0.0,0.2330000000000041,0.0
228.5,0.0,423.237,44.5045,0.0,0.0,0.2330000000000041,0.0
228.75,0.0,423.469,44.5074,0.0,0.0,0.2319999999999709,0.0
229.0,0.0,423.702,44.5045,0.0,0.0,0.2330000000000041,0.0
229.0,0.0,423.935,44.5061,0.0,0.0,0.2330000000000041,0.0
229.25,0.0,424.167,44.5103,0.0,0.0,0.2319999999999709,0.0
229.5,0.0,424.4,44.5061,0.0,0.0,0.2330000000000041,0.0
229.5,0.0,424.633,44.5095,0.0,0.0,0.2330000000000041,0.0
229.5,0.0,424.865,44.5109,0.0,0.0,0.23200000000002774,0.0
229.75,0.0,425.098,44.5051,0.0,0.0,0.2330000000000041,0.0
230.0,0.0,425.331,44.5062,0.0,0.0,0.2330000000000041,0.0
230.25,0.0,425.563,44.5052,0.0,0.0,0.2319999999999709,0.0
229.75,0.0,425.796,44.5065,0.0,0.0,0.2330000000000041,0.0
229.75,0.0,426.029,44.5134,0.0,0.0,0.2330000000000041,0.0
230.0,0.0,426.261,44.5058,0.0,0.0,0.23200000000002774,0.0
230.0,0.0,426.494,44.5035,0.0,0.0,0.2330000000000041,0.0
229.5,0.0,426.727,44.498,0.0,0.0,0.23299999999994725,0.0
229.75,0.0,426.959,44.504,0.0,0.0,0.23200000000002774,0.0
229.25,0.0,427.192,44.503,0.0,0.0,0.2330000000000041,0.0
229.25,0.0,427.425,44.5062,0.0,0.0,0.2330000000000041,0.0
229.5,0.0,427.657,44.5089,0.0,0.0,0.2319999999999709,0.0
228.75,0.0,427.89,44.509,0.0,0.0,0.2330000000000041,0.0
229.25,0.0,428.123,44.5011,0.0,0.0,0.2330000000000041,0.0
229.25,0.0,428.355,44.5034,0.0,0.0,0.23200000000002774,0.0
229.0,0.0,428.588,44.5056,0.0,0.0,0.2330000000000041,0.0
230.25,0.0,428.821,44.5098,0.0,0.0,0.2330000000000041,0.0
230.5,0.0,429.053,44.5064,0.0,0.0,0.2319999999999709,0.0
231.0,0.0,429.286,44.5012,0.0,0.0,0.2330000000000041,0.0
231.25,0.0,429.519,44.5058,0.0,0.0,0.2330000000000041,0.0
231.0,0.0,429.751,44.5083,0.0,0.0,0.2319999999999709,0.0
231.25,0.0,429.984,44.5071,0.0,0.0,0.2330000000000041,0.0
230.75,0.0,430.217,44.5067,0.0,0.0,0.2330000000000041,0.0
230.75,0.0,430.449,44.5065,0.0,0.0,0.23200000000002774,0.0
231.5,0.0,430.682,44.5113,0.0,0.0,0.2330000000000041,0.0
231.5,0.0,430.915,44.5098,0.0,0.0,0.2330000000000041,0.0
231.75,0.0,431.147,44.5066,0.0,0.0,0.2319999999999709,0.0
232.0,0.0,431.38,44.5075,0.0,0.0,0.2330000000000041,0.0
231.75,0.0,431.613,44.5057,0.0,0.0,0.2330000000000041,0.0
231.75,0.0,431.845,44.5112,0.0,0.0,0.23200000000002774,0.0
231.5,0.0,432.078,44.5068,0.0,0.0,0.23299999999994725,0.0
231.25,0.0,432.311,44.5061,0.0,0.0,0.2330000000000041,0.0
231.0,0.0,432.543,44.5121,0.0,0.0,0.23200000000002774,0.0
230.75,0.0,432.776,44.5061,0.0,0.0,0.2330000000000041,0.0
230.75,0.0,433.009,44.5038,0.0,0.0,0.2330000000000041,0.0
230.75,0.0,433.241,44.5085,0.0,0.0,0.2319999999999709,0.0
231.0,0.0,433.474,44.5078,0.0,0.0,0.2330000000000041,0.0
231.0,0.0,433.707,44.5049,0.0,0.0,0.2330000000000041,0.0
231.25,0.0,433.939,44.5077,0.0,0.0,0.23200000000002774,0.0
232.25,0.0,434.172,44.5086,0.0,0.0,0.2330000000000041,0.0
232.75,0.0,434.405,44.5102,0.0,0.0,0.23299999999994725,0.0
232.25,0.0,434.637,44.5102,0.0,0.0,0.23200000000002774,0.0
232.5,0.0,434.87,44.5035,0.0,0.0,0.2330000000000041,0.0
233.0,0.0,435.103,44.5043,0.0,0.0,0.2330000000000041,0.0
233.25,0.0,435.335,44.5057,0.0,0.0,0.2319999999999709,0.0
233.5,0.0,435.568,44.5086,0.0,0.0,0.2330000000000041,0.0
234.0,0.0,435.801,44.5089,0.0,0.0,0.2330000000000041,0.0
233.75,0.0,436.033,44.51,0.0,0.0,0.23200000000002774,0.0
233.75,0.0,436.266,44.5055,0.0,0.0,0.2330000000000041,0.0
233.5,0.0,436.499,44.5037,0.0,0.0,0.2330000000000041,0.0
233.25,0.0,436.731,44.506,0.0,0.0,0.2319999999999709,0.0
233.5,0.0,436.964,44.5014,0.0,0.0,0.2330000000000041,0.0
233.0,0.0,437.197,44.5049,0.0,0.0,0.2330000000000041,0.0
233.0,0.0,437.429,44.5086,0.0,0.0,0.2319999999999709,0.0
233.0,0.0,437.662,44.5068,0.0,0.0,0.2330000000000041,0.0
233.75,0.0,437.895,44.505,0.0,0.0,0.2330000000000041,0.0
234.0,0.0,438.127,44.508,0.0,0.0,0.23200000000002774,0.0
233.75,0.0,438.36,44.5061,0.0,0.0,0.2330000000000041,0.0
233.5,0.0,438.593,44.5068,0.0,0.0,0.2330000000000041,0.0
234.0,0.0,438.825,44.5102,0.0,0.0,0.2319999999999709,0.0
234.5,0.0,439.058,44.5072,0.0,0.0,0.2330000000000041,0.0
234.75,0.0,439.291,44.5117,0.0,0.0,0.2330000000000041,0.0
234.75,0.0,439.523,44.5095,0.0,0.0,0.23200000000002774,0.0
234.0,0.0,439.756,44.504,0.0,0.0,0.23299999999994725,0.0
234.25,0.0,439.989,44.5071,0.0,0.0,0.2330000000000041,0.0
234.25,0.0,440.221,44.5115,0.0,0.0,0.23200000000002774,0.0
234.5,0.0,440.454,44.5049,0.0,0.0,0.2330000000000041,0.0
234.5,0.0,440.687,44.5075,0.0,0.0,0.2330000000000041,0.0
234.75,0.0,440.919,44.5056,0.0,0.0,0.2319999999999709,0.0
234.75,0.0,441.152,44.5065,0.0,0.0,0.2330000000000041,0.0
235.5,0.0,441.385,44.502,0.0,0.0,0.2330000000000041,0.0
236.0,0.0,441.617,44.5036,0.0,0.0,0.23200000000002774,0.0
236.25,0.0,441.85,44.5059,0.0,0.0,0.2330000000000041,0.0
237.25,0.0,442.083,44.5038,0.0,0.0,0.2330000000000041,0.0
237.0,0.0,442.315,44.506,0.0,0.0,0.2319999999999709,0.0
237.0,0.0,442.548,44.5083,0.0,0.0,0.2330000000000041,0.0
236.75,0.0,442.781,44.508,0.0,0.0,0.2330000000000041,0.0
236.75,0.0,443.013,44.5054,0.0,0.0,0.2319999999999709,0.0
236.75,0.0,443.246,44.5047,0.0,0.0,0.2330000000000041,0.0
237.0,0.0,443.479,44.5084,0.0,0.0,0.2330000000000041,0.0
237.5,0.0,443.711,44.5056,0.0,0.0,0.23200000000002774,0.0
237.25,0.0,443.944,44.5048,0.0,0.0,0.2330000000000041,0.0
237.25,0.0,444.177,44.5035,0.0,0.0,0.2330000000000041,0.0
237.5,0.0,444.409,44.5046,0.0,0.0,0.2319999999999709,0.0
237.0,0.0,444.642,44.5094,0.0,0.0,0.2330000000000041,0.0
237.0,0.0,444.875,44.5068,0.0,0.0,0.2330000000000041,0.0
237.5,0.0,445.107,44.5026,0.0,0.0,0.23200000000002774,0.0
237.25,0.0,445.34,44.5027,0.0,0.0,0.23299999999994725,0.0
237.5,0.0,445.573,44.5107,0.0,0.0,0.2330000000000041,0.0
237.25,0.0,445.805,44.5081,0.0,0.0,0.23200000000002774,0.0
236.75,0.0,446.038,44.5036,0.0,0.0,0.2330000000000041,0.0
237.0,0.0,446.271,44.5037,0.0,0.0,0.2330000000000041,0.0
237.25,0.0,446.503,44.5075,0.0,0.0,0.2319999999999709,0.0
237.5,0.0,446.736,44.5088,0.0,0.0,0.2330000000000041,0.0
237.75,0.0,446.969,44.5041,0.0,0.0,0.2330000000000041,0.0
238.0,0.0,447.201,44.5035,0.0,0.0,0.23200000000002774,0.0
239.0,0.0,447.434,44.5077,0.0,0.0,0.2330000000000041,0.0
239.25,0.0,447.667,44.5045,0.0,0.0,0.23299999999994725,0.0
238.75,0.0,447.899,44.5068,0.0,0.0,0.23200000000002774,0.0
238.75,0.0,448.132,44.506,0.0,0.0,0.2330000000000041,0.0
238.75,0.0,448.365,44.5041,0.0,0.0,0.2330000000000041,0.0
238.5,0.0,448.597,44.5038,0.0,0.0,0.2319999999999709,0.0
238.75,0.0,448.83,44.5032,0.0,0.0,0.2330000000000041,0.0
238.25,0.0,449.063,44.5044,0.0,0.0,0.2330000000000041,0.0
239.0,0.0,449.295,44.5098,0.0,0.0,0.23200000000002774,0.0
239.0,0.0,449.528,44.5076,0.0,0.0,0.2330000000000041,0.0
240.0,0.0,449.761,44.5074,0.0,0.0,0.2330000000000041,0.0
239.75,0.0,449.993,44.5002,0.0,0.0,0.2319999999999709,0.0
240.25,0.0,450.226,44.5059,0.0,0.0,0.2330000000000041,0.0
240.0,0.0,450.459,44.5039,0.0,0.0,0.2330000000000041,0.0
239.5,0.0,450.691,44.5058,0.0,0.0,0.2319999999999709,0.0
239.5,0.0,450.924,44.5081,0.0,0.0,0.2330000000000041,0.0
239.5,0.0,451.157,44.506,0.0,0.0,0.2330000000000041,0.0
239.0,0.0,451.389,44.5071,0.0,0.0,0.23200000000002774,0.0
239.25,0.0,451.622,44.5063,0.0,0.0,0.2330000000000041,0.0
239.25,0.0,451.855,44.5057,0.0,0.0,0.2330000000000041,0.0
239.0,0.0,452.087,44.5127,0.0,0.0,0.2319999999999709,0.0
239.0,0.0,452.32,44.5105,0.0,0.0,0.2330000000000041,0.0
239.0,0.0,452.553,44.507,0.0,0.0,0.2330000000000041,0.0
238.75,0.0,452.785,44.5087,0.0,0.0,0.23200000000002774,0.0
238.75,0.0,453.018,44.5068,0.0,0.0,0.23299999999994725,0.0
238.75,0.0,453.251,44.5063,0.0,0.0,0.2330000000000041,0.0
239.0,0.0,453.483,44.508,0.0,0.0,0.23200000000002774,0.0
239.25,0.0,453.716,44.5039,0.0,0.0,0.2330000000000041,0.0
239.25,0.0,453.949,44.5049,0.0,0.0,0.2330000000000041,0.0
239.25,0.0,454.181,44.5038,0.0,0.0,0.2319999999999709,0.0
239.5,0.0,454.414,44.5058,0.0,0.0,0.2330000000000041,0.0
239.25,0.0,454.647,44.5075,0.0,0.0,0.2330000000000041,0.0
239.0,0.0,454.879,44.5033,0.0,0.0,0.23200000000002774,0.0
238.75,0.0,455.112,44.5082,0.0,0.0,0.2330000000000041,0.0
239.25,0.0,455.345,44.5036,0.0,0.0,0.2330000000000041,0.0
239.0,0.0,455.577,44.5078,0.0,0.0,0.2319999999999709,0.0
239.0,0.0,455.81,44.5095,0.0,0.0,0.2330000000000041,0.0
238.5,1.0,456.043,44.5068,0.72,1.0,0.2330000000000041,4.291845493562156
238.75,1.0,456.275,44.5003,0.72,0.0,0.2319999999999709,0.0
238.75,0.0,456.508,44.5039,0.0,-1.0,0.2330000000000041,-4.291845493562156
238.75,0.0,456.741,44.509,0.0,0.0,0.2330000000000041,0.0
238.75,0.0,456.973,44.5062,0.0,0.0,0.23200000000002774,0.0
239.0,0.0,457.206,44.5043,0.0,0.0,0.2330000000000041,0.0
238.75,0.0,457.439,44.5054,0.0,0.0,0.2330000000000041,0.0
238.75,0.0,457.671,44.5051,0.0,0.0,0.2319999999999709,0.0
239.0,0.0,457.904,44.5044,0.0,0.0,0.2330000000000041,0.0
239.5,0.0,458.137,44.5097,0.0,0.0,0.2330000000000041,0.0
240.25,0.0,458.369,44.5039,0.0,0.0,0.23200000000002774,0.0
240.25,0.0,458.602,44.5058,0.0,0.0,0.23299999999994725,0.0
240.5,0.0,458.835,44.5085,0.0,0.0,0.2330000000000041,0.0
240.5,0.0,459.067,44.5062,0.0,0.0,0.23200000000002774,0.0
240.0,0.0,459.3,44.5073,0.0,0.0,0.2330000000000041,0.0
240.5,0.0,459.533,44.5092,0.0,0.0,0.2330000000000041,0.0
240.5,0.0,459.765,44.5037,0.0,0.0,0.2319999999999709,0.0
240.75,0.0,459.998,44.5045,0.0,0.0,0.2330000000000041,0.0
240.5,0.0,460.231,44.5085,0.0,0.0,0.2330000000000041,0.0
240.75,0.0,460.463,44.5054,0.0,0.0,0.23200000000002774,0.0
240.5,0.0,460.696,44.4977,0.0,0.0,0.2330000000000041,0.0
240.75,0.0,460.929,44.5014,0.0,0.0,0.23299999999994725,0.0
240.75,0.0,461.161,44.5025,0.0,0.0,0.23200000000002774,0.0
240.75,0.0,461.394,44.5017,0.0,0.0,0.2330000000000041,0.0
241.25,0.0,461.627,44.5087,0.0,0.0,0.2330000000000041,0.0
241.25,0.0,461.859,44.5056,0.0,0.0,0.2319999999999709,0.0
241.25,0.0,462.092,44.51,0.0,0.0,0.2330000000000041,0.0
241.5,0.0,462.325,44.5089,0.0,0.0,0.2330000000000041,0.0
241.0,0.0,462.557,44.5068,0.0,0.0,0.23200000000002774,0.0
241.25,0.0,462.79,44.5032,0.0,0.0,0.2330000000000041,0.0
241.25,0.0,463.023,44.5075,0.0,0.0,0.2330000000000041,0.0
241.25,0.0,463.255,44.5017,0.0,0.0,0.2319999999999709,0.0
241.25,0.0,463.488,44.5068,0.0,0.0,0.2330000000000041,0.0
241.0,0.0,463.721,44.5059,0.0,0.0,0.2330000000000041,0.0
241.25,0.0,463.953,44.5093,0.0,0.0,0.2319999999999709,0.0
241.0,0.0,464.186,44.5074,0.0,0.0,0.2330000000000041,0.0
241.5,0.0,464.419,44.5063,0.0,0.0,0.2330000000000041,0.0
242.0,0.0,464.651,44.5064,0.0,0.0,0.23200000000002774,0.0
242.0,0.0,464.884,44.5054,0.0,0.0,0.2330000000000041,0.0
242.25,0.0,465.117,44.5061,0.0,0.0,0.2330000000000041,0.0
242.25,0.0,465.349,44.5096,0.0,0.0,0.2319999999999709,0.0
242.5,0.0,465.582,44.5032,0.0,0.0,0.2330000000000041,0.0
242.75,0.0,465.815,44.5032,0.0,0.0,0.2330000000000041,0.0
242.75,0.0,466.047,44.5054,0.0,0.0,0.23200000000002774,0.0
243.0,0.0,466.28,44.5,0.0,0.0,0.23299999999994725,0.0
243.0,0.0,466.513,44.5003,0.0,0.0,0.2330000000000041,0.0
243.5,0.0,466.745,44.5032,0.0,0.0,0.23200000000002774,0.0
243.5,0.0,466.978,44.5041,0.0,0.0,0.2330000000000041,0.0
243.5,0.0,467.211,44.5042,0.0,0.0,0.2330000000000041,0.0
243.0,0.0,467.443,44.5073,0.0,0.0,0.2319999999999709,0.0
243.5,0.0,467.676,44.4992,0.0,0.0,0.2330000000000041,0.0
243.5,0.0,467.909,44.5028,0.0,0.0,0.2330000000000041,0.0
243.5,0.0,468.141,44.5024,0.0,0.0,0.23200000000002774,0.0
243.0,0.0,468.374,44.4999,0.0,0.0,0.2330000000000041,0.0
243.75,0.0,468.607,44.5061,0.0,0.0,0.2330000000000041,0.0
243.75,0.0,468.839,44.5057,0.0,0.0,0.2319999999999709,0.0
244.25,0.0,469.072,44.5075,0.0,0.0,0.2330000000000041,0.0
244.5,0.0,469.305,44.5009,0.0,0.0,0.2330000000000041,0.0
244.5,0.0,469.537,44.5006,0.0,0.0,0.2319999999999709,0.0
244.25,0.0,469.77,44.5078,0.0,0.0,0.2330000000000041,0.0
245.0,0.0,470.003,44.5005,0.0,0.0,0.2330000000000041,0.0
244.75,0.0,470.235,44.5041,0.0,0.0,0.23200000000002774,0.0
245.0,0.0,470.468,44.5068,0.0,0.0,0.2330000000000041,0.0
245.0,0.0,470.701,44.5068,0.0,0.0,0.2330000000000041,0.0
245.25,0.0,470.933,44.5034,0.0,0.0,0.2319999999999709,0.0
245.75,0.0,471.166,44.5029,0.0,0.0,0.2330000000000041,0.0
245.5,0.0,471.399,44.5045,0.0,0.0,0.2330000000000041,0.0
245.5,0.0,471.631,44.5022,0.0,0.0,0.2319999999999709,0.0
245.5,0.0,471.864,44.502,0.0,0.0,0.2330000000000041,0.0
245.75,0.0,472.097,44.5045,0.0,0.0,0.2330000000000041,0.0
245.5,0.0,472.329,44.5049,0.0,0.0,0.23200000000002774,0.0
245.75,0.0,472.562,44.5014,0.0,0.0,0.2330000000000041,0.0
245.75,0.0,472.795,44.5072,0.0,0.0,0.2330000000000041,0.0
245.25,0.0,473.027,44.5058,0.0,0.0,0.2319999999999709,0.0
246.0,0.0,473.26,44.5037,0.0,0.0,0.2330000000000041,0.0
246.25,0.0,473.493,44.5028,0.0,0.0,0.2330000000000041,0.0
245.5,0.0,473.725,44.5031,0.0,0.0,0.23200000000002774,0.0
246.25,0.0,473.958,44.5045,0.0,0.0,0.2330000000000041,0.0
246.0,0.0,474.191,44.5011,0.0,0.0,0.23299999999994725,0.0
246.0,0.0,474.423,44.5057,0.0,0.0,0.23200000000002774,0.0
246.25,0.0,474.656,44.5032,0.0,0.0,0.2330000000000041,0.0
246.25,0.0,474.889,44.5047,0.0,0.0,0.2330000000000041,0.0
246.0,0.0,475.121,44.5083,0.0,0.0,0.2319999999999709,0.0
246.5,0.0,475.354,44.5048,0.0,0.0,0.2330000000000041,0.0
246.75,0.0,475.587,44.503,0.0,0.0,0.2330000000000041,0.0
246.75,0.0,475.819,44.5005,0.0,0.0,0.23200000000002774,0.0
246.5,0.0,476.052,44.5041,0.0,0.0,0.2330000000000041,0.0
246.0,0.0,476.285,44.5089,0.0,0.0,0.2330000000000041,0.0
246.0,0.0,476.517,44.507,0.0,0.0,0.2319999999999709,0.0
246.25,0.0,476.75,44.5063,0.0,0.0,0.2330000000000041,0.0
245.5,0.0,476.983,44.5025,0.0,0.0,0.2330000000000041,0.0
245.75,0.0,477.215,44.5052,0.0,0.0,0.2319999999999709,0.0
245.5,0.0,477.448,44.5043,0.0,0.0,0.2330000000000041,0.0
246.0,0.0,477.681,44.4998,0.0,0.0,0.2330000000000041,0.0
246.5,0.0,477.913,44.4984,0.0,0.0,0.23200000000002774,0.0
246.5,0.0,478.146,44.504,0.0,0.0,0.2330000000000041,0.0
246.75,0.0,478.379,44.5038,0.0,0.0,0.2330000000000041,0.0
247.0,0.0,478.611,44.498,0.0,0.0,0.2319999999999709,0.0
246.5,0.0,478.844,44.5078,0.0,0.0,0.2330000000000041,0.0
247.0,0.0,479.077,44.5087,0.0,0.0,0.2330000000000041,0.0
247.25,0.0,479.309,44.5048,0.0,0.0,0.23200000000002774,0.0
247.75,0.0,479.542,44.5034,0.0,0.0,0.23299999999994725,0.0
247.75,0.0,479.775,44.5035,0.0,0.0,0.2330000000000041,0.0
248.5,0.0,480.007,44.5028,0.0,0.0,0.23200000000002774,0.0
248.5,0.0,480.24,44.4989,0.0,0.0,0.2330000000000041,0.0
248.75,0.0,480.473,44.4995,0.0,0.0,0.2330000000000041,0.0
249.0,0.0,480.705,44.5032,0.0,0.0,0.2319999999999709,0.0
249.0,0.0,480.938,44.4992,0.0,0.0,0.2330000000000041,0.0
248.75,0.0,481.171,44.5047,0.0,0.0,0.2330000000000041,0.0
248.25,0.0,481.403,44.5026,0.0,0.0,0.23200000000002774,0.0
248.25,0.0,481.636,44.5013,0.0,0.0,0.2330000000000041,0.0
248.25,0.0,481.869,44.5019,0.0,0.0,0.2330000000000041,0.0
248.25,0.0,482.101,44.5021,0.0,0.0,0.2319999999999709,0.0
248.5,0.0,482.334,44.5061,0.0,0.0,0.2330000000000041,0.0
248.5,0.0,482.567,44.5044,0.0,0.0,0.2330000000000041,0.0
249.75,0.0,482.799,44.5023,0.0,0.0,0.2319999999999709,0.0
250.25,0.0,483.032,44.5009,0.0,0.0,0.2330000000000041,0.0
250.75,0.0,483.265,44.5059,0.0,0.0,0.2330000000000041,0.0
250.5,0.0,483.497,44.502,0.0,0.0,0.23200000000002774,0.0
250.5,0.0,483.73,44.5018,0.0,0.0,0.2330000000000041,0.0
250.25,0.0,483.963,44.4976,0.0,0.0,0.2330000000000041,0.0
250.75,0.0,484.195,44.5,0.0,0.0,0.2319999999999709,0.0
251.0,0.0,484.428,44.5022,0.0,0.0,0.2330000000000041,0.0
251.0,0.0,484.661,44.5031,0.0,0.0,0.2330000000000041,0.0
251.5,0.0,484.893,44.5055,0.0,0.0,0.2319999999999709,0.0
251.5,0.0,485.126,44.5009,0.0,0.0,0.2330000000000041,0.0
251.5,0.0,485.359,44.5058,0.0,0.0,0.2330000000000041,0.0
252.0,0.0,485.591,44.5009,0.0,0.0,0.23200000000002774,0.0
251.75,0.0,485.824,44.4997,0.0,0.0,0.2330000000000041,0.0
251.75,0.0,486.057,44.5012,0.0,0.0,0.2330000000000041,0.0
251.75,0.0,486.289,44.5052,0.0,0.0,0.2319999999999709,0.0
251.75,0.0,486.522,44.5049,0.0,0.0,0.2330000000000041,0.0
251.75,0.0,486.755,44.5081,0.0,0.0,0.2330000000000041,0.0
251.75,0.0,486.987,44.5047,0.0,0.0,0.23200000000002774,0.0
251.5,0.0,487.22,44.4966,0.0,0.0,0.2330000000000041,0.0
252.0,0.0,487.453,44.5046,0.0,0.0,0.23299999999994725,0.0
252.25,0.0,487.685,44.5065,0.0,0.0,0.23200000000002774,0.0
251.25,0.0,487.918,44.5089,0.0,0.0,0.2330000000000041,0.0
251.5,0.0,488.151,44.5019,0.0,0.0,0.2330000000000041,0.0
251.5,0.0,488.383,44.4962,0.0,0.0,0.2319999999999709,0.0
251.5,0.0,488.616,44.4991,0.0,0.0,0.2330000000000041,0.0
251.0,0.0,488.849,44.5038,0.0,0.0,0.2330000000000041,0.0
251.25,0.0,489.081,44.4984,0.0,0.0,0.23200000000002774,0.0
251.25,0.0,489.314,44.502,0.0,0.0,0.2330000000000041,0.0
251.25,0.0,489.547,44.5045,0.0,0.0,0.2330000000000041,0.0
252.0,0.0,489.779,44.5078,0.0,0.0,0.2319999999999709,0.0
252.0,0.0,490.015,44.506,0.0,0.0,0.23599999999999,0.0
252.5,0.0,490.251,44.5047,0.0,0.0,0.23599999999999,0.0
252.75,0.0,490.483,44.5074,0.0,0.0,0.23200000000002774,0.0
253.0,0.0,490.716,44.5082,0.0,0.0,0.2330000000000041,0.0
252.75,0.0,490.955,44.5029,0.0,0.0,0.2389999999999759,0.0
252.5,0.0,491.191,44.5063,0.0,0.0,0.23599999999999,0.0
252.5,0.0,491.426,44.5018,0.0,0.0,0.23500000000001364,0.0
251.5,0.0,491.662,44.5026,0.0,0.0,0.23599999999999,0.0
251.75,0.0,491.898,44.501,0.0,0.0,0.23600000000004684,0.0
251.75,0.0,492.133,44.5018,0.0,0.0,0.2349999999999568,0.0
251.75,0.0,492.365,44.5006,0.0,0.0,0.23200000000002774,0.0
251.75,0.0,492.598,44.5049,0.0,0.0,0.2330000000000041,0.0
251.5,0.0,492.831,44.5002,0.0,0.0,0.2330000000000041,0.0
251.5,0.0,493.063,44.5057,0.0,0.0,0.2319999999999709,0.0
251.5,0.0,493.296,44.5016,0.0,0.0,0.2330000000000041,0.0
251.5,0.0,493.529,44.5034,0.0,0.0,0.2330000000000041,0.0
252.0,0.0,493.761,44.4997,0.0,0.0,0.23200000000002774,0.0
251.25,0.0,493.994,44.5001,0.0,0.0,0.2330000000000041,0.0
251.5,0.0,494.238,44.5018,0.0,0.0,0.24399999999997135,0.0
252.25,0.0,494.471,44.5019,0.0,0.0,0.2330000000000041,0.0
252.75,0.0,494.704,44.4994,0.0,0.0,0.2330000000000041,0.0
253.25,0.0,494.936,44.5029,0.0,0.0,0.2319999999999709,0.0
253.25,0.0,495.169,44.5006,0.0,0.0,0.2330000000000041,0.0
253.25,0.0,495.402,44.5026,0.0,0.0,0.2330000000000041,0.0
253.75,0.0,495.634,44.5003,0.0,0.0,0.23200000000002774,0.0
254.0,0.0,495.867,44.506,0.0,0.0,0.2330000000000041,0.0
254.0,0.0,496.1,44.5044,0.0,0.0,0.2330000000000041,0.0
254.0,0.0,496.34,44.5024,0.0,0.0,0.23999999999995225,0.0
254.0,0.0,496.573,44.4994,0.0,0.0,0.2330000000000041,0.0
253.5,0.0,496.806,44.5056,0.0,0.0,0.2330000000000041,0.0
253.75,0.0,497.038,44.506,0.0,0.0,0.23200000000002774,0.0
253.75,0.0,497.271,44.5009,0.0,0.0,0.2330000000000041,0.0
254.5,0.0,497.504,44.5035,0.0,0.0,0.2330000000000041,0.0
254.75,0.0,497.736,44.5012,0.0,0.0,0.2319999999999709,0.0
255.25,0.0,497.969,44.4995,0.0,0.0,0.2330000000000041,0.0
254.5,0.0,498.202,44.5003,0.0,0.0,0.2330000000000041,0.0
255.25,0.0,498.434,44.5012,0.0,0.0,0.23200000000002774,0.0
255.0,0.0,498.667,44.5067,0.0,0.0,0.23299999999994725,0.0
255.25,0.0,498.9,44.5054,0.0,0.0,0.2330000000000041,0.0
255.25,0.0,499.132,44.4992,0.0,0.0,0.23200000000002774,0.0
255.5,0.0,499.365,44.5014,0.0,0.0,0.2330000000000041,0.0
256.25,0.0,499.598,44.4988,0.0,0.0,0.2330000000000041,0.0
256.25,0.0,499.83,44.5013,0.0,0.0,0.2319999999999709,0.0
256.25,0.0,500.063,44.5073,0.0,0.0,0.2330000000000041,0.0
257.0,0.0,500.296,44.5008,0.0,0.0,0.2330000000000041,0.0
256.5,0.0,500.528,44.5035,0.0,0.0,0.23200000000002774,0.0
257.0,0.0,500.761,44.5033,0.0,0.0,0.2330000000000041,0.0
257.0,0.0,500.994,44.5016,0.0,0.0,0.2330000000000041,0.0
257.0,0.0,501.226,44.5028,0.0,0.0,0.2319999999999709,0.0
256.75,0.0,501.459,44.5043,0.0,0.0,0.2330000000000041,0.0
257.25,0.0,501.692,44.5003,0.0,0.0,0.2330000000000041,0.0
257.0,0.0,501.924,44.5043,0.0,0.0,0.2319999999999709,0.0
257.5,0.0,502.157,44.5002,0.0,0.0,0.2330000000000041,0.0
258.0,0.0,502.39,44.504,0.0,0.0,0.2330000000000041,0.0
258.5,0.0,502.622,44.5047,0.0,0.0,0.23200000000002774,0.0
258.25,0.0,502.855,44.5048,0.0,0.0,0.2330000000000041,0.0
259.25,0.0,503.088,44.499,0.0,0.0,0.2330000000000041,0.0
258.75,0.0,503.32,44.5051,0.0,0.0,0.2319999999999709,0.0
259.5,0.0,503.553,44.5001,0.0,0.0,0.2330000000000041,0.0
259.25,0.0,503.786,44.4987,0.0,0.0,0.2330000000000041,0.0
259.0,0.0,504.018,44.5055,0.0,0.0,0.2319999999999709,0.0
259.5,0.0,504.251,44.4957,0.0,0.0,0.2330000000000041,0.0
259.25,0.0,504.484,44.4978,0.0,0.0,0.2330000000000041,0.0
259.25,0.0,504.716,44.5025,0.0,0.0,0.23200000000002774,0.0
258.5,0.0,504.949,44.4965,0.0,0.0,0.2330000000000041,0.0
258.75,0.0,505.182,44.504,0.0,0.0,0.2330000000000041,0.0
257.75,0.0,505.414,44.5033,0.0,0.0,0.2319999999999709,0.0
257.75,0.0,505.647,44.5019,0.0,0.0,0.2330000000000041,0.0
258.0,0.0,505.88,44.5021,0.0,0.0,0.2330000000000041,0.0
258.0,0.0,506.112,44.5041,0.0,0.0,0.23200000000002774,0.0
257.75,0.0,506.345,44.5009,0.0,0.0,0.2330000000000041,0.0
257.75,0.0,506.578,44.5039,0.0,0.0,0.23299999999994725,0.0
257.5,0.0,506.81,44.5038,0.0,0.0,0.23200000000002774,0.0
258.0,0.0,507.043,44.5024,0.0,0.0,0.2330000000000041,0.0
257.5,0.0,507.276,44.5003,0.0,0.0,0.2330000000000041,0.0
257.5,0.0,507.508,44.5014,0.0,0.0,0.2319999999999709,0.0
258.0,0.0,507.741,44.4981,0.0,0.0,0.2330000000000041,0.0
258.0,0.0,507.974,44.501,0.0,0.0,0.2330000000000041,0.0
258.25,0.0,508.206,44.4977,0.0,0.0,0.23200000000002774,0.0
258.25,0.0,508.439,44.4983,0.0,0.0,0.2330000000000041,0.0
259.25,0.0,508.672,44.5028,0.0,0.0,0.2330000000000041,0.0
259.5,0.0,508.904,44.5005,0.0,0.0,0.2319999999999709,0.0
260.0,0.0,509.137,44.5022,0.0,0.0,0.2330000000000041,0.0
260.5,0.0,509.37,44.4991,0.0,0.0,0.2330000000000041,0.0
260.25,0.0,509.602,44.5032,0.0,0.0,0.2319999999999709,0.0
260.5,0.0,509.835,44.5037,0.0,0.0,0.2330000000000041,0.0
260.5,0.0,510.068,44.5002,0.0,0.0,0.2330000000000041,0.0
260.25,0.0,510.3,44.4993,0.0,0.0,0.23200000000002774,0.0
260.5,0.0,510.533,44.504,0.0,0.0,0.2330000000000041,0.0
260.0,0.0,510.766,44.5,0.0,0.0,0.2330000000000041,0.0
260.75,0.0,510.998,44.5003,0.0,0.0,0.2319999999999709,0.0
260.75,0.0,511.231,44.499,0.0,0.0,0.2330000000000041,0.0
260.75,0.0,511.464,44.5023,0.0,0.0,0.2330000000000041,0.0
260.75,0.0,511.696,44.5019,0.0,0.0,0.23200000000002774,0.0
260.25,0.0,511.929,44.5024,0.0,0.0,0.23299999999994725,0.0
260.5,0.0,512.162,44.5069,0.0,0.0,0.23300000000006094,0.0
260.5,0.0,512.394,44.5043,0.0,0.0,0.2319999999999709,0.0
260.5,0.0,512.627,44.5022,0.0,0.0,0.23299999999994725,0.0
259.75,0.0,512.86,44.5008,0.0,0.0,0.23300000000006094,0.0
260.0,0.0,513.092,44.5042,0.0,0.0,0.2319999999999709,0.0
260.0,0.0,513.325,44.5037,0.0,0.0,0.23300000000006094,0.0
260.25,0.0,513.558,44.5057,0.0,0.0,0.23299999999994725,0.0
260.25,0.0,513.79,44.5046,0.0,0.0,0.2319999999999709,0.0
260.5,0.0,514.023,44.5002,0.0,0.0,0.23300000000006094,0.0
260.0,0.0,514.256,44.506,0.0,0.0,0.23299999999994725,0.0
260.5,0.0,514.488,44.4985,0.0,0.0,0.23200000000008458,0.0
260.5,0.0,514.721,44.5015,0.0,0.0,0.23299999999994725,0.0
260.5,0.0,514.954,44.4975,0.0,0.0,0.23299999999994725,0.0
260.5,0.0,515.186,44.503,0.0,0.0,0.23200000000008458,0.0
260.5,0.0,515.419,44.5009,0.0,0.0,0.23299999999994725,0.0
261.0,0.0,515.652,44.5011,0.0,0.0,0.23300000000006094,0.0
260.75,0.0,515.884,44.5071,0.0,0.0,0.2319999999999709,0.0
260.0,0.0,516.117,44.5018,0.0,0.0,0.23299999999994725,0.0
260.75,0.0,516.35,44.5065,0.0,0.0,0.23300000000006094,0.0
261.25,0.0,516.582,44.5011,0.0,0.0,0.2319999999999709,0.0
260.75,0.0,516.815,44.5045,0.0,0.0,0.23300000000006094,0.0
260.75,0.0,517.048,44.4996,0.0,0.0,0.23299999999994725,0.0
260.25,0.0,517.28,44.5003,0.0,0.0,0.2319999999999709,0.0
261.0,0.0,517.513,44.5034,0.0,0.0,0.23300000000006094,0.0
260.75,0.0,517.746,44.5025,0.0,0.0,0.23299999999994725,0.0
261.25,0.0,517.978,44.5039,0.0,0.0,0.2319999999999709,0.0
261.5,0.0,518.211,44.5004,0.0,0.0,0.23300000000006094,0.0
261.0,0.0,518.444,44.5039,0.0,0.0,0.23299999999994725,0.0
261.5,0.0,518.676,44.508,0.0,0.0,0.23200000000008458,0.0
262.0,0.0,518.909,44.5104,0.0,0.0,0.23299999999994725,0.0
262.0,0.0,519.142,44.5057,0.0,0.0,0.23300000000006094,0.0
261.25,0.0,519.374,44.4994,0.0,0.0,0.2319999999999709,0.0
261.75,0.0,519.607,44.5036,0.0,0.0,0.23299999999994725,0.0
262.0,0.0,519.84,44.5033,0.0,0.0,0.23300000000006094,0.0
262.25,0.0,520.072,44.4984,0.0,0.0,0.2319999999999709,0.0
262.0,0.0,520.305,44.5041,0.0,0.0,0.23299999999994725,0.0
262.25,0.0,520.538,44.5017,0.0,0.0,0.23300000000006094,0.0
262.0,0.0,520.77,44.4999,0.0,0.0,0.2319999999999709,0.0
262.25,0.0,521.003,44.5001,0.0,0.0,0.23300000000006094,0.0
262.25,0.0,521.236,44.5008,0.0,0.0,0.23299999999994725,0.0
262.0,0.0,521.468,44.5093,0.0,0.0,0.2319999999999709,0.0
262.5,0.0,521.701,44.5024,0.0,0.0,0.23300000000006094,0.0
262.75,0.0,521.934,44.5017,0.0,0.0,0.23299999999994725,0.0
263.0,0.0,522.166,44.5039,0.0,0.0,0.23200000000008458,0.0
263.0,0.0,522.399,44.5043,0.0,0.0,0.23299999999994725,0.0
263.25,0.0,522.632,44.5025,0.0,0.0,0.23299999999994725,0.0
263.5,0.0,522.864,44.5045,0.0,0.0,0.23200000000008458,0.0
263.0,0.0,523.097,44.5041,0.0,0.0,0.23299999999994725,0.0
263.5,0.0,523.33,44.5022,0.0,0.0,0.23300000000006094,0.0
264.0,0.0,523.562,44.5017,0.0,0.0,0.2319999999999709,0.0
264.0,0.0,523.795,44.5005,0.0,0.0,0.23299999999994725,0.0
263.75,0.0,524.028,44.5012,0.0,0.0,0.23300000000006094,0.0
264.5,0.0,524.26,44.4973,0.0,0.0,0.2319999999999709,0.0
265.0,0.0,524.493,44.4986,0.0,0.0,0.23300000000006094,0.0
265.25,0.0,524.726,44.5061,0.0,0.0,0.23299999999994725,0.0
265.5,0.0,524.958,44.5025,0.0,0.0,0.2319999999999709,0.0
266.5,0.0,525.191,44.503,0.0,0.0,0.23300000000006094,0.0
266.0,0.0,525.424,44.5062,0.0,0.0,0.23299999999994725,0.0
267.0,0.0,525.656,44.4976,0.0,0.0,0.2319999999999709,0.0
267.0,0.0,525.889,44.4994,0.0,0.0,0.23300000000006094,0.0
267.0,0.0,526.122,44.5013,0.0,0.0,0.23299999999994725,0.0
267.25,0.0,526.354,44.5004,0.0,0.0,0.23200000000008458,0.0
267.5,0.0,526.587,44.5034,0.0,0.0,0.23299999999994725,0.0
267.25,0.0,526.82,44.4956,0.0,0.0,0.23300000000006094,0.0
267.5,0.0,527.052,44.4993,0.0,0.0,0.2319999999999709,0.0
267.25,0.0,527.285,44.5041,0.0,0.0,0.23299999999994725,0.0
267.0,0.0,527.518,44.5034,0.0,0.0,0.23300000000006094,0.0
267.0,0.0,527.75,44.5013,0.0,0.0,0.2319999999999709,0.0
267.0,0.0,527.983,44.5026,0.0,0.0,0.23299999999994725,0.0
267.0,0.0,528.216,44.5029,0.0,0.0,0.23300000000006094,0.0
266.25,0.0,528.448,44.5028,0.0,0.0,0.2319999999999709,0.0
267.0,0.0,528.681,44.4972,0.0,0.0,0.23300000000006094,0.0
267.0,0.0,528.914,44.5029,0.0,0.0,0.23299999999994725,0.0
267.25,0.0,529.146,44.5024,0.0,0.0,0.2319999999999709,0.0
267.25,0.0,529.379,44.4994,0.0,0.0,0.23300000000006094,0.0
267.0,0.0,529.612,44.5022,0.0,0.0,0.23299999999994725,0.0
266.75,0.0,529.844,44.4993,0.0,0.0,0.23200000000008458,0.0
266.75,0.0,530.077,44.4983,0.0,0.0,0.23299999999994725,0.0
266.75,0.0,530.31,44.5084,0.0,0.0,0.23299999999994725,0.0
267.25,0.0,530.542,44.4996,0.0,0.0,0.23200000000008458,0.0
266.5,0.0,530.775,44.5006,0.0,0.0,0.23299999999994725,0.0
267.25,0.0,531.008,44.5002,0.0,0.0,0.23300000000006094,0.0
267.5,0.0,531.24,44.5022,0.0,0.0,0.2319999999999709,0.0
267.75,0.0,531.473,44.5001,0.0,0.0,0.23299999999994725,0.0
267.75,0.0,531.706,44.5024,0.0,0.0,0.23300000000006094,0.0
267.75,0.0,531.938,44.5008,0.0,0.0,0.2319999999999709,0.0
268.25,0.0,532.171,44.5011,0.0,0.0,0.23300000000006094,0.0
268.25,0.0,532.404,44.5014,0.0,0.0,0.23299999999994725,0.0
268.0,0.0,532.636,44.5025,0.0,0.0,0.2319999999999709,0.0
268.0,0.0,532.869,44.5036,0.0,0.0,0.23300000000006094,0.0
268.0,0.0,533.102,44.5027,0.0,0.0,0.23299999999994725,0.0
268.25,0.0,533.334,44.497,0.0,0.0,0.2319999999999709,0.0
268.25,0.0,533.567,44.5015,0.0,0.0,0.23300000000006094,0.0
268.25,0.0,533.8,44.5008,0.0,0.0,0.23299999999994725,0.0
267.75,0.0,534.032,44.5019,0.0,0.0,0.23200000000008458,0.0
268.5,0.0,534.265,44.5034,0.0,0.0,0.23299999999994725,0.0
267.75,0.0,534.498,44.4968,0.0,0.0,0.23300000000006094,0.0
268.5,0.0,534.73,44.4984,0.0,0.0,0.2319999999999709,0.0
267.75,0.0,534.963,44.5037,0.0,0.0,0.23299999999994725,0.0
268.0,0.0,535.196,44.5071,0.0,0.0,0.23300000000006094,0.0
268.75,0.0,535.428,44.5019,0.0,0.0,0.2319999999999709,0.0
268.5,0.0,535.661,44.5026,0.0,0.0,0.23299999999994725,0.0
269.0,0.0,535.894,44.4966,0.0,0.0,0.23300000000006094,0.0
268.5,0.0,536.126,44.5025,0.0,0.0,0.2319999999999709,0.0
269.0,0.0,536.359,44.4967,0.0,0.0,0.23300000000006094,0.0
268.75,0.0,536.592,44.4992,0.0,0.0,0.23299999999994725,0.0
269.0,0.0,536.824,44.5008,0.0,0.0,0.2319999999999709,0.0
269.75,0.0,537.057,44.5011,0.0,0.0,0.23300000000006094,0.0
269.75,0.0,537.29,44.503,0.0,0.0,0.23299999999994725,0.0
270.25,0.0,537.522,44.501,0.0,0.0,0.23200000000008458,0.0
270.5,0.0,537.755,44.5005,0.0,0.0,0.23299999999994725,0.0
270.5,0.0,537.988,44.5006,0.0,0.0,0.23300000000006094,0.0
270.5,0.0,538.22,44.504,0.0,0.0,0.2319999999999709,0.0
271.0,0.0,538.453,44.4975,0.0,0.0,0.23299999999994725,0.0
271.25,0.0,538.686,44.5075,0.0,0.0,0.23300000000006094,0.0
270.75,0.0,538.918,44.503,0.0,0.0,0.2319999999999709,0.0
270.75,0.0,539.151,44.5021,0.0,0.0,0.23299999999994725,0.0
271.25,0.0,539.384,44.5069,0.0,0.0,0.23300000000006094,0.0
271.25,0.0,539.616,44.4993,0.0,0.0,0.2319999999999709,0.0
271.25,0.0,539.849,44.5072,0.0,0.0,0.23300000000006094,0.0
271.25,0.0,540.082,44.5039,0.0,0.0,0.23299999999994725,0.0
271.75,0.0,540.314,44.4991,0.0,0.0,0.2319999999999709,0.0
272.0,0.0,540.547,44.5036,0.0,0.0,0.23300000000006094,0.0
272.0,0.0,540.78,44.5032,0.0,0.0,0.23299999999994725,0.0
272.0,0.0,541.012,44.4982,0.0,0.0,0.2319999999999709,0.0
272.25,0.0,541.245,44.5002,0.0,0.0,0.23300000000006094,0.0
271.75,0.0,541.478,44.5012,0.0,0.0,0.23299999999994725,0.0
272.25,0.0,541.71,44.5005,0.0,0.0,0.23200000000008458,0.0
272.0,0.0,541.943,44.4992,0.0,0.0,0.23299999999994725,0.0
272.0,0.0,542.176,44.4988,0.0,0.0,0.23300000000006094,0.0
272.0,0.0,542.408,44.498,0.0,0.0,0.2319999999999709,0.0
272.25,0.0,542.641,44.4997,0.0,0.0,0.23299999999994725,0.0
272.5,0.0,542.874,44.505,0.0,0.0,0.23300000000006094,0.0
272.5,0.0,543.106,44.504,0.0,0.0,0.2319999999999709,0.0
272.25,0.0,543.339,44.4995,0.0,0.0,0.23300000000006094,0.0
272.25,0.0,543.572,44.4997,0.0,0.0,0.23299999999994725,0.0
272.5,0.0,543.804,44.4991,0.0,0.0,0.2319999999999709,0.0
272.25,0.0,544.037,44.506,0.0,0.0,0.23300000000006094,0.0
272.5,0.0,544.27,44.5042,0.0,0.0,0.23299999999994725,0.0
273.0,0.0,544.502,44.5008,0.0,0.0,0.2319999999999709,0.0
273.5,0.0,544.735,44.4992,0.0,0.0,0.23300000000006094,0.0
274.0,0.0,544.968,44.4984,0.0,0.0,0.23299999999994725,0.0
274.25,0.0,545.2,44.5016,0.0,0.0,0.23200000000008458,0.0
274.5,0.0,545.433,44.5023,0.0,0.0,0.23299999999994725,0.0
274.25,0.0,545.666,44.5023,0.0,0.0,0.23300000000006094,0.0
274.25,0.0,545.898,44.5016,0.0,0.0,0.2319999999999709,0.0
274.5,0.0,546.131,44.4991,0.0,0.0,0.23299999999994725,0.0
274.75,0.0,546.364,44.5017,0.0,0.0,0.23300000000006094,0.0
275.25,0.0,546.596,44.5019,0.0,0.0,0.2319999999999709,0.0
275.5,0.0,546.829,44.5008,0.0,0.0,0.23299999999994725,0.0
275.0,0.0,547.062,44.498,0.0,0.0,0.23300000000006094,0.0
275.0,0.0,547.294,44.5003,0.0,0.0,0.2319999999999709,0.0
275.75,0.0,547.527,44.4994,0.0,0.0,0.23300000000006094,0.0
275.75,0.0,547.76,44.4999,0.0,0.0,0.23299999999994725,0.0
275.75,0.0,547.992,44.499,0.0,0.0,0.2319999999999709,0.0
276.0,0.0,548.225,44.5017,0.0,0.0,0.23300000000006094,0.0
275.5,0.0,548.458,44.504,0.0,0.0,0.23299999999994725,0.0
276.0,0.0,548.69,44.5005,0.0,0.0,0.23200000000008458,0.0
275.5,0.0,548.923,44.5065,0.0,0.0,0.23299999999994725,0.0
275.25,0.0,549.156,44.505,0.0,0.0,0.23299999999994725,0.0
276.0,0.0,549.388,44.5002,0.0,0.0,0.23200000000008458,0.0
275.75,0.0,549.621,44.5027,0.0,0.0,0.23299999999994725,0.0
276.0,0.0,549.854,44.5021,0.0,0.0,0.23300000000006094,0.0
275.75,0.0,550.086,44.5023,0.0,0.0,0.2319999999999709,0.0
275.25,0.0,550.319,44.5036,0.0,0.0,0.23299999999994725,0.0
275.25,0.0,550.552,44.4997,0.0,0.0,0.23300000000006094,0.0
276.0,0.0,550.784,44.5016,0.0,0.0,0.2319999999999709,0.0
276.0,0.0,551.017,44.5022,0.0,0.0,0.23300000000006094,0.0
275.5,0.0,551.25,44.5016,0.0,0.0,0.23299999999994725,0.0
276.0,0.0,551.482,44.5019,0.0,0.0,0.2319999999999709,0.0
276.0,0.0,551.715,44.5014,0.0,0.0,0.23300000000006094,0.0
276.0,0.0,551.948,44.5029,0.0,0.0,0.23299999999994725,0.0
276.25,0.0,552.18,44.5042,0.0,0.0,0.2319999999999709,0.0
276.25,0.0,552.413,44.4992,0.0,0.0,0.23300000000006094,0.0
276.25,0.0,552.646,44.5005,0.0,0.0,0.23299999999994725,0.0
276.25,0.0,552.878,44.4993,0.0,0.0,0.23200000000008458,0.0
276.25,0.0,553.111,44.5016,0.0,0.0,0.23299999999994725,0.0
276.25,0.0,553.344,44.4985,0.0,0.0,0.23300000000006094,0.0
276.75,0.0,553.576,44.5018,0.0,0.0,0.2319999999999709,0.0
277.0,0.0,553.809,44.5028,0.0,0.0,0.23299999999994725,0.0
277.0,0.0,554.042,44.5027,0.0,0.0,0.23300000000006094,0.0
277.0,1.0,554.274,44.5022,0.72,1.0,0.2319999999999709,4.310344827586747
277.5,1.0,554.507,44.5017,0.72,0.0,0.23299999999994725,0.0
277.5,1.0,554.74,44.5003,0.72,0.0,0.23300000000006094,0.0
277.75,1.0,554.972,44.4989,0.72,0.0,0.2319999999999709,0.0
278.0,1.0,555.205,44.4991,0.72,0.0,0.23300000000006094,0.0
277.75,1.0,555.438,44.5001,0.72,0.0,0.23299999999994725,0.0
277.5,1.0,555.67,44.5046,0.72,0.0,0.2319999999999709,0.0
277.75,1.0,555.903,44.5008,0.72,0.0,0.23300000000006094,0.0
277.0,1.0,556.136,44.5016,0.72,0.0,0.23299999999994725,0.0
277.5,1.0,556.368,44.5051,0.72,0.0,0.23200000000008458,0.0
276.75,1.0,556.601,44.5012,0.72,0.0,0.23299999999994725,0.0
277.25,1.0,556.834,44.5004,0.72,0.0,0.23299999999994725,0.0
277.0,1.0,557.066,44.5014,0.72,0.0,0.23200000000008458,0.0
277.5,1.0,557.299,44.4977,0.72,0.0,0.23299999999994725,0.0
277.5,1.0,557.532,44.4991,0.72,0.0,0.23300000000006094,0.0
277.25,1.0,557.764,44.5003,0.72,0.0,0.2319999999999709,0.0
277.5,1.0,557.997,44.5034,0.72,0.0,0.23299999999994725,0.0
277.5,1.0,558.23,44.5066,0.72,0.0,0.23300000000006094,0.0
279.5,1.0,558.462,44.5018,0.72,0.0,0.2319999999999709,0.0
280.0,1.0,558.695,44.5014,0.72,0.0,0.23300000000006094,0.0
280.25,1.0,558.928,44.5017,0.72,0.0,0.23299999999994725,0.0
281.5,1.0,559.16,44.4977,0.72,0.0,0.2319999999999709,0.0
282.0,1.0,559.393,44.5032,0.72,0.0,0.23300000000006094,0.0
282.0,1.0,559.626,44.4993,0.72,0.0,0.23299999999994725,0.0
282.5,1.0,559.858,44.5015,0.72,0.0,0.2319999999999709,0.0
282.75,1.0,560.091,44.504,0.72,0.0,0.23300000000006094,0.0
283.0,1.0,560.324,44.5013,0.72,0.0,0.23299999999994725,0.0
283.25,1.0,560.556,44.5034,0.72,0.0,0.23200000000008458,0.0
283.0,1.0,560.789,44.5004,0.72,0.0,0.23299999999994725,0.0
283.75,1.0,561.022,44.5065,0.72,0.0,0.23300000000006094,0.0
284.0,1.0,561.254,44.5044,0.72,0.0,0.2319999999999709,0.0
284.25,1.0,561.487,44.5016,0.72,0.0,0.23299999999994725,0.0
284.5,1.0,561.72,44.5002,0.72,0.0,0.23300000000006094,0.0
284.5,1.0,561.952,44.4981,0.72,0.0,0.2319999999999709,0.0
284.25,1.0,562.185,44.4984,0.72,0.0,0.23299999999994725,0.0
284.5,1.0,562.418,44.503,0.72,0.0,0.23300000000006094,0.0
284.25,1.0,562.65,44.4954,0.72,0.0,0.2319999999999709,0.0
284.0,1.0,562.883,44.4991,0.72,0.0,0.23300000000006094,0.0
283.75,1.0,563.116,44.5015,0.72,0.0,0.23299999999994725,0.0
283.25,1.0,563.348,44.4969,0.72,0.0,0.2319999999999709,0.0
283.75,1.0,563.581,44.5002,0.72,0.0,0.23300000000006094,0.0
284.25,1.0,563.814,44.4975,0.72,0.0,0.23299999999994725,0.0
283.5,1.0,564.046,44.5002,0.72,0.0,0.23200000000008458,0.0
283.0,1.0,564.279,44.5016,0.72,0.0,0.23299999999994725,0.0
283.25,1.0,564.512,44.5009,0.72,0.0,0.23299999999994725,0.0
282.75,1.0,564.744,44.4958,0.72,0.0,0.23200000000008458,0.0
283.0,1.0,564.977,44.5054,0.72,0.0,0.23299999999994725,0.0
282.75,1.0,565.21,44.4999,0.72,0.0,0.23300000000006094,0.0
283.25,1.0,565.442,44.5072,0.72,0.0,0.2319999999999709,0.0
283.25,1.0,565.675,44.4981,0.72,0.0,0.23299999999994725,0.0
283.5,1.0,565.908,44.5044,0.72,0.0,0.23300000000006094,0.0
284.0,1.0,566.14,44.4971,0.72,0.0,0.2319999999999709,0.0
284.0,1.0,566.373,44.4994,0.72,0.0,0.23300000000006094,0.0
284.25,1.0,566.606,44.4994,0.72,0.0,0.23299999999994725,0.0
284.25,1.0,566.838,44.498,0.72,0.0,0.2319999999999709,0.0
284.75,1.0,567.071,44.5002,0.72,0.0,0.23300000000006094,0.0
284.5,1.0,567.304,44.5035,0.72,0.0,0.23299999999994725,0.0
284.25,1.0,567.536,44.498,0.72,0.0,0.2319999999999709,0.0
284.0,1.0,567.769,44.4986,0.72,0.0,0.23300000000006094,0.0
284.25,1.0,568.002,44.5003,0.72,0.0,0.23299999999994725,0.0
284.25,1.0,568.234,44.4997,0.72,0.0,0.23200000000008458,0.0
284.5,1.0,568.467,44.5034,0.72,0.0,0.23299999999994725,0.0
284.5,1.0,568.7,44.5014,0.72,0.0,0.23300000000006094,0.0
284.75,1.0,568.932,44.4999,0.72,0.0,0.2319999999999709,0.0
284.75,1.0,569.165,44.4985,0.72,0.0,0.23299999999994725,0.0
284.75,1.0,569.398,44.5034,0.72,0.0,0.23300000000006094,0.0
284.5,1.0,569.63,44.498,0.72,0.0,0.2319999999999709,0.0
284.25,1.0,569.863,44.5008,0.72,0.0,0.23300000000006094,0.0
284.25,1.0,570.096,44.495,0.72,0.0,0.23299999999994725,0.0
284.5,1.0,570.328,44.5012,0.72,0.0,0.2319999999999709,0.0
284.5,1.0,570.561,44.5038,0.72,0.0,0.23300000000006094,0.0
284.5,1.0,570.794,44.5032,0.72,0.0,0.23299999999994725,0.0
285.25,1.0,571.026,44.4998,0.72,0.0,0.2319999999999709,0.0
286.25,1.0,571.259,44.4997,0.72,0.0,0.23300000000006094,0.0
287.0,1.0,571.492,44.4981,0.72,0.0,0.23299999999994725,0.0
287.5,1.0,571.724,44.5024,0.72,0.0,0.23200000000008458,0.0
287.75,1.0,571.957,44.499,0.72,0.0,0.23299999999994725,0.0
287.5,1.0,572.19,44.4978,0.72,0.0,0.23300000000006094,0.0
287.75,1.0,572.422,44.5031,0.72,0.0,0.2319999999999709,0.0
287.75,1.0,572.655,44.4949,0.72,0.0,0.23299999999994725,0.0
287.5,1.0,572.888,44.5016,0.72,0.0,0.23300000000006094,0.0
287.5,1.0,573.12,44.501,0.72,0.0,0.2319999999999709,0.0
287.5,1.0,573.353,44.503,0.72,0.0,0.23299999999994725,0.0
287.5,1.0,573.586,44.4962,0.72,0.0,0.23300000000006094,0.0
287.75,1.0,573.818,44.4986,0.72,0.0,0.2319999999999709,0.0
287.5,1.0,574.051,44.4951,0.72,0.0,0.23300000000006094,0.0
287.25,1.0,574.284,44.4987,0.72,0.0,0.23299999999994725,0.0
286.75,1.0,574.516,44.4502,0.72,0.0,0.2319999999999709,0.0
287.0,1.0,574.749,44.5688,0.72,0.0,0.23300000000006094,0.0
286.75,1.0,574.982,44.5001,0.72,0.0,0.23299999999994725,0.0
286.5,1.0,575.214,44.5013,0.72,0.0,0.23200000000008458,0.0
287.0,1.0,575.447,44.4985,0.72,0.0,0.23299999999994725,0.0
286.5,1.0,575.68,44.4986,0.72,0.0,0.23299999999994725,0.0
286.5,1.0,575.912,44.4979,0.72,0.0,0.23200000000008458,0.0
286.75,1.0,576.145,44.4974,0.72,0.0,0.23299999999994725,0.0
286.25,1.0,576.378,44.5018,0.72,0.0,0.23300000000006094,0.0
286.75,1.0,576.61,44.4969,0.72,0.0,0.2319999999999709,0.0
286.75,1.0,576.843,44.5008,0.72,0.0,0.23299999999994725,0.0
287.5,1.0,577.076,44.4955,0.72,0.0,0.23300000000006094,0.0
287.75,1.0,577.308,44.4968,0.72,0.0,0.2319999999999709,0.0
288.25,1.0,577.541,44.5029,0.72,0.0,0.23300000000006094,0.0
288.25,1.0,577.774,44.4991,0.72,0.0,0.23299999999994725,0.0
288.25,1.0,578.006,44.4965,0.72,0.0,0.2319999999999709,0.0
288.0,1.0,578.239,44.5014,0.72,0.0,0.23300000000006094,0.0
288.5,1.0,578.472,44.5029,0.72,0.0,0.23299999999994725,0.0
288.75,1.0,578.704,44.4944,0.72,0.0,0.2319999999999709,0.0
288.5,1.0,578.937,44.4984,0.72,0.0,0.23300000000006094,0.0
288.5,1.0,579.17,44.5017,0.72,0.0,0.23299999999994725,0.0
289.0,1.0,579.402,44.4972,0.72,0.0,0.23200000000008458,0.0
289.0,1.0,579.635,44.4962,0.72,0.0,0.23299999999994725,0.0
289.0,1.0,579.868,44.4995,0.72,0.0,0.23300000000006094,0.0
289.25,1.0,580.1,44.4945,0.72,0.0,0.2319999999999709,0.0
289.5,1.0,580.333,44.4996,0.72,0.0,0.23299999999994725,0.0
289.75,1.0,580.566,44.4971,0.72,0.0,0.23300000000006094,0.0
289.75,1.0,580.798,44.4984,0.72,0.0,0.2319999999999709,0.0
289.75,1.0,581.031,44.4973,0.72,0.0,0.23299999999994725,0.0
289.75,1.0,581.264,44.5006,0.72,0.0,0.23300000000006094,0.0
289.75,1.0,581.496,44.4965,0.72,0.0,0.2319999999999709,0.0
290.0,1.0,581.729,44.4976,0.72,0.0,0.23300000000006094,0.0
289.75,1.0,581.962,44.5005,0.72,0.0,0.23299999999994725,0.0
289.5,1.0,582.194,44.5005,0.72,0.0,0.2319999999999709,0.0
289.0,1.0,582.427,44.4987,0.72,0.0,0.23300000000006094,0.0
289.0,1.0,582.66,44.4975,0.72,0.0,0.23299999999994725,0.0
289.0,1.0,582.892,44.5016,0.72,0.0,0.23200000000008458,0.0
289.0,1.0,583.125,44.5024,0.72,0.0,0.23299999999994725,0.0
288.75,1.0,583.358,44.497,0.72,0.0,0.23299999999994725,0.0
288.5,1.0,583.59,44.4992,0.72,0.0,0.23200000000008458,0.0
288.75,1.0,583.823,44.5025,0.72,0.0,0.23299999999994725,0.0
288.75,1.0,584.056,44.4988,0.72,0.0,0.23300000000006094,0.0
288.0,1.0,584.288,44.4971,0.72,0.0,0.2319999999999709,0.0
288.75,1.0,584.521,44.4996,0.72,0.0,0.23299999999994725,0.0
289.0,1.0,584.754,44.4929,0.72,0.0,0.23300000000006094,0.0
289.0,1.0,584.986,44.5012,0.72,0.0,0.2319999999999709,0.0
289.25,1.0,585.219,44.4967,0.72,0.0,0.23300000000006094,0.0
289.25,1.0,585.452,44.4948,0.72,0.0,0.23299999999994725,0.0
289.0,1.0,585.684,44.4967,0.72,0.0,0.2319999999999709,0.0
289.25,1.0,585.917,44.497,0.72,0.0,0.23300000000006094,0.0
289.25,1.0,586.15,44.4943,0.72,0.0,0.23299999999994725,0.0
289.5,1.0,586.382,44.5028,0.72,0.0,0.2319999999999709,0.0
289.75,1.0,586.615,44.506,0.72,0.0,0.23300000000006094,0.0
290.0,1.0,586.848,44.4999,0.72,0.0,0.23299999999994725,0.0
290.5,1.0,587.08,44.4944,0.72,0.0,0.23200000000008458,0.0
290.5,1.0,587.313,44.4988,0.72,0.0,0.23299999999994725,0.0
290.5,1.0,587.546,44.4969,0.72,0.0,0.23300000000006094,0.0
290.75,1.0,587.778,44.4989,0.72,0.0,0.2319999999999709,0.0
291.25,2.0,588.011,44.5026,1.44,1.0,0.23299999999994725,4.291845493563203
291.5,2.0,588.244,44.4962,1.44,0.0,0.23300000000006094,0.0
291.25,2.0,588.476,44.4983,1.44,0.0,0.2319999999999709,0.0
291.5,2.0,588.709,44.4955,1.44,0.0,0.23299999999994725,0.0
290.75,2.0,588.942,44.495,1.44,0.0,0.23300000000006094,0.0
291.0,2.0,589.174,44.5014,1.44,0.0,0.2319999999999709,0.0
291.5,2.0,589.407,44.4985,1.44,0.0,0.23300000000006094,0.0
291.25,2.0,589.64,44.4973,1.44,0.0,0.23299999999994725,0.0
291.25,2.0,589.872,44.4942,1.44,0.0,0.2319999999999709,0.0
290.75,2.0,590.105,44.5017,1.44,0.0,0.23300000000006094,0.0
290.75,2.0,590.338,44.498,1.44,0.0,0.23299999999994725,0.0
290.25,2.0,590.57,44.4987,1.44,0.0,0.23200000000008458,0.0
291.25,2.0,590.803,44.4991,1.44,0.0,0.23299999999994725,0.0
291.25,2.0,591.036,44.495,1.44,0.0,0.23299999999994725,0.0
291.5,2.0,591.268,44.5013,1.44,0.0,0.23200000000008458,0.0
291.5,2.0,591.501,44.4933,1.44,0.0,0.23299999999994725,0.0
291.5,2.0,591.734,44.4969,1.44,0.0,0.23300000000006094,0.0
291.25,2.0,591.966,44.5012,1.44,0.0,0.2319999999999709,0.0
291.75,2.0,592.199,44.4998,1.44,0.0,0.23299999999994725,0.0
292.0,2.0,592.432,44.4985,1.44,0.0,0.23300000000006094,0.0
291.75,2.0,592.664,44.4974,1.44,0.0,0.2319999999999709,0.0
292.25,2.0,592.897,44.4974,1.44,0.0,0.23300000000006094,0.0
292.0,2.0,593.13,44.5023,1.44,0.0,0.23299999999994725,0.0
292.25,2.0,593.362,44.4989,1.44,0.0,0.2319999999999709,0.0
292.25,2.0,593.595,44.5009,1.44,0.0,0.23300000000006094,0.0
292.5,2.0,593.828,44.4992,1.44,0.0,0.23299999999994725,0.0
292.5,2.0,594.06,44.497,1.44,0.0,0.2319999999999709,0.0
292.0,2.0,594.293,44.4994,1.44,0.0,0.23300000000006094,0.0
292.5,2.0,594.526,44.4968,1.44,0.0,0.23299999999994725,0.0
292.25,2.0,594.758,44.4987,1.44,0.0,0.23200000000008458,0.0
292.5,2.0,594.991,44.4967,1.44,0.0,0.23299999999994725,0.0
292.0,2.0,595.224,44.4982,1.44,0.0,0.23300000000006094,0.0
292.75,2.0,595.456,44.4995,1.44,0.0,0.2319999999999709,0.0
291.75,2.0,595.689,44.4968,1.44,0.0,0.23299999999994725,0.0
292.75,2.0,595.922,44.4987,1.44,0.0,0.23300000000006094,0.0
292.75,2.0,596.154,44.4972,1.44,0.0,0.2319999999999709,0.0
292.75,2.0,596.387,44.502,1.44,0.0,0.23299999999994725,0.0
293.0,2.0,596.62,44.4959,1.44,0.0,0.23300000000006094,0.0
293.0,2.0,596.852,44.4999,1.44,0.0,0.2319999999999709,0.0
293.0,2.0,597.085,44.4999,1.44,0.0,0.23300000000006094,0.0
293.5,2.0,597.318,44.4982,1.44,0.0,0.23299999999994725,0.0
293.25,2.0,597.55,44.4955,1.44,0.0,0.2319999999999709,0.0
293.5,2.0,597.783,44.4985,1.44,0.0,0.23300000000006094,0.0
294.0,2.0,598.016,44.4989,1.44,0.0,0.23299999999994725,0.0
293.5,2.0,598.248,44.4971,1.44,0.0,0.23200000000008458,0.0
294.25,2.0,598.481,44.5015,1.44,0.0,0.23299999999994725,0.0
293.75,2.0,598.714,44.4991,1.44,0.0,0.23300000000006094,0.0
294.5,2.0,598.946,44.4991,1.44,0.0,0.2319999999999709,0.0
294.5,2.0,599.179,44.498,1.44,0.0,0.23299999999994725,0.0
295.0,2.0,599.412,44.4962,1.44,0.0,0.23300000000006094,0.0
295.0,2.0,599.644,44.4941,1.44,0.0,0.2319999999999709,0.0
295.25,2.0,599.877,44.497,1.44,0.0,0.23299999999994725,0.0
295.5,2.0,600.11,44.5,1.44,0.0,0.23300000000006094,0.0
295.5,2.0,600.342,44.4988,1.44,0.0,0.2319999999999709,0.0
295.25,2.0,600.575,44.496,1.44,0.0,0.23300000000006094,0.0
295.75,2.0,600.808,44.5032,1.44,0.0,0.23299999999994725,0.0
295.5,2.0,601.04,44.496,1.44,0.0,0.2319999999999709,0.0
296.0,2.0,601.273,44.4984,1.44,0.0,0.23300000000006094,0.0
296.0,2.0,601.506,44.5011,1.44,0.0,0.23299999999994725,0.0
295.75,2.0,601.738,44.5027,1.44,0.0,0.23200000000008458,0.0
295.75,2.0,601.971,44.4939,1.44,0.0,0.23299999999994725,0.0
296.25,2.0,602.204,44.499,1.44,0.0,0.23299999999994725,0.0
296.25,2.0,602.436,44.4964,1.44,0.0,0.23200000000008458,0.0
295.75,2.0,602.669,44.4997,1.44,0.0,0.23299999999994725,0.0
296.25,2.0,602.902,44.4984,1.44,0.0,0.23300000000006094,0.0
295.75,2.0,603.134,44.4957,1.44,0.0,0.2319999999999709,0.0
296.0,2.0,603.367,44.4952,1.44,0.0,0.23299999999994725,0.0
296.0,2.0,603.6,44.5006,1.44,0.0,0.23300000000006094,0.0
295.75,2.0,603.832,44.4952,1.44,0.0,0.2319999999999709,0.0
295.5,2.0,604.065,44.499,1.44,0.0,0.23300000000006094,0.0
295.75,2.0,604.298,44.4975,1.44,0.0,0.23299999999994725,0.0
295.75,2.0,604.53,44.4966,1.44,0.0,0.2319999999999709,0.0
295.75,2.0,604.763,44.4988,1.44,0.0,0.23300000000006094,0.0
295.75,2.0,604.996,44.4969,1.44,0.0,0.23299999999994725,0.0
296.0,2.0,605.228,44.4973,1.44,0.0,0.2319999999999709,0.0
295.75,2.0,605.461,44.5081,1.44,0.0,0.23300000000006094,0.0
296.25,2.0,605.694,44.499,1.44,0.0,0.23299999999994725,0.0
296.25,2.0,605.926,44.498,1.44,0.0,0.23200000000008458,0.0
295.75,2.0,606.159,44.499,1.44,0.0,0.23299999999994725,0.0
296.75,2.0,606.392,44.4994,1.44,0.0,0.23300000000006094,0.0
295.75,2.0,606.624,44.5019,1.44,0.0,0.2319999999999709,0.0
296.5,2.0,606.857,44.5001,1.44,0.0,0.23299999999994725,0.0
296.25,2.0,607.09,44.4995,1.44,0.0,0.23300000000006094,0.0
296.75,2.0,607.322,44.4999,1.44,0.0,0.2319999999999709,0.0
297.0,3.0,607.555,44.4988,2.16,1.0,0.23299999999994725,4.291845493563203
297.0,3.0,607.788,44.4975,2.16,0.0,0.23300000000006094,0.0
296.5,3.0,608.02,44.5029,2.16,0.0,0.2319999999999709,0.0
296.75,3.0,608.253,44.4935,2.16,0.0,0.23300000000006094,0.0
297.25,3.0,608.486,44.4997,2.16,0.0,0.23299999999994725,0.0
296.75,3.0,608.718,44.4994,2.16,0.0,0.2319999999999709,0.0
297.0,3.0,608.951,44.4966,2.16,0.0,0.23300000000006094,0.0
297.0,3.0,609.184,44.4902,2.16,0.0,0.23299999999994725,0.0
297.0,3.0,609.416,44.4942,2.16,0.0,0.23200000000008458,0.0
297.0,3.0,609.649,44.4993,2.16,0.0,0.23299999999994725,0.0
297.0,3.0,609.882,44.5006,2.16,0.0,0.23299999999994725,0.0
297.25,3.0,610.114,44.4979,2.16,0.0,0.23200000000008458,0.0
297.0,3.0,610.347,44.4944,2.16,0.0,0.23299999999994725,0.0
297.25,3.0,610.58,44.4982,2.16,0.0,0.23300000000006094,0.0
297.25,3.0,610.812,44.4975,2.16,0.0,0.2319999999999709,0.0
297.0,3.0,611.045,44.5003,2.16,0.0,0.23299999999994725,0.0
297.5,3.0,611.278,44.4982,2.16,0.0,0.23300000000006094,0.0
296.75,3.0,611.51,44.4953,2.16,0.0,0.2319999999999709,0.0
297.5,3.0,611.743,44.4984,2.16,0.0,0.23300000000006094,0.0
297.5,3.0,611.976,44.4944,2.16,0.0,0.23299999999994725,0.0
297.75,3.0,612.208,44.5021,2.16,0.0,0.2319999999999709,0.0
298.25,3.0,612.441,44.4975,2.16,0.0,0.23300000000006094,0.0
298.5,3.0,612.674,44.5011,2.16,0.0,0.23299999999994725,0.0
299.0,3.0,612.906,44.5001,2.16,0.0,0.2319999999999709,0.0
299.25,3.0,613.139,44.4969,2.16,0.0,0.23300000000006094,0.0
298.75,3.0,613.372,44.5004,2.16,0.0,0.23299999999994725,0.0
299.5,3.0,613.604,44.4971,2.16,0.0,0.23200000000008458,0.0
299.75,3.0,613.837,44.4947,2.16,0.0,0.23299999999994725,0.0
300.0,3.0,614.07,44.5003,2.16,0.0,0.23300000000006094,0.0
299.75,3.0,614.302,44.4989,2.16,0.0,0.2319999999999709,0.0
300.25,3.0,614.535,44.4941,2.16,0.0,0.23299999999994725,0.0
300.75,3.0,614.768,44.5017,2.16,0.0,0.23300000000006094,0.0
300.25,3.0,615.0,44.4957,2.16,0.0,0.2319999999999709,0.0
301.0,3.0,615.233,44.4955,2.16,0.0,0.23299999999994725,0.0
300.5,3.0,615.466,44.4987,2.16,0.0,0.23300000000006094,0.0
300.75,3.0,615.698,44.4923,2.16,0.0,0.2319999999999709,0.0
300.5,3.0,615.931,44.4984,2.16,0.0,0.23300000000006094,0.0
300.5,3.0,616.164,44.4944,2.16,0.0,0.23299999999994725,0.0
301.0,3.0,616.396,44.4948,2.16,0.0,0.2319999999999709,0.0
300.75,3.0,616.629,44.5003,2.16,0.0,0.23300000000006094,0.0
302.75,3.0,616.862,44.4975,2.16,0.0,0.23299999999994725,0.0
303.5,3.0,617.094,44.4941,2.16,0.0,0.23200000000008458,0.0
304.0,3.0,617.327,44.4981,2.16,0.0,0.23299999999994725,0.0
305.0,3.0,617.56,44.4947,2.16,0.0,0.23299999999994725,0.0
305.25,3.0,617.792,44.496,2.16,0.0,0.23200000000008458,0.0
305.25,3.0,618.025,44.4932,2.16,0.0,0.23299999999994725,0.0
305.0,3.0,618.258,44.4974,2.16,0.0,0.23300000000006094,0.0
305.0,3.0,618.49,44.498,2.16,0.0,0.2319999999999709,0.0
305.25,3.0,618.723,44.498,2.16,0.0,0.23299999999994725,0.0
305.25,3.0,618.956,44.4959,2.16,0.0,0.23300000000006094,0.0
306.5,3.0,619.188,44.4985,2.16,0.0,0.2319999999999709,0.0
306.0,3.0,619.421,44.498,2.16,0.0,0.23300000000006094,0.0
306.5,3.0,619.654,44.4947,2.16,0.0,0.23299999999994725,0.0
306.5,3.0,619.886,44.4975,2.16,0.0,0.2319999999999709,0.0
306.75,3.0,620.119,44.4938,2.16,0.0,0.23300000000006094,0.0
307.0,4.0,620.352,44.4996,2.88,1.0,0.23299999999994725,4.291845493563203
306.5,4.0,620.584,44.502,2.88,0.0,0.2319999999999709,0.0
307.5,4.0,620.817,44.4979,2.88,0.0,0.23300000000006094,0.0
307.75,4.0,621.05,44.4982,2.88,0.0,0.23299999999994725,0.0
307.75,4.0,621.282,44.5009,2.88,0.0,0.23200000000008458,0.0
308.25,4.0,621.515,44.499,2.88,0.0,0.23299999999994725,0.0
308.25,4.0,621.748,44.5026,2.88,0.0,0.23300000000006094,0.0
308.75,4.0,621.98,44.4935,2.88,0.0,0.2319999999999709,0.0
309.25,4.0,622.213,44.5004,2.88,0.0,0.23299999999994725,0.0
309.5,4.0,622.446,44.4998,2.88,0.0,0.23300000000006094,0.0
309.0,4.0,622.678,44.4956,2.88,0.0,0.2319999999999709,0.0
309.5,4.0,622.911,44.4966,2.88,0.0,0.23299999999994725,0.0
309.5,4.0,623.144,44.4944,2.88,0.0,0.23300000000006094,0.0
309.0,4.0,623.376,44.4972,2.88,0.0,0.2319999999999709,0.0
309.25,4.0,623.609,44.4998,2.88,0.0,0.23300000000006094,0.0
309.25,4.0,623.842,44.4972,2.88,0.0,0.23299999999994725,0.0
309.0,4.0,624.074,44.499,2.88,0.0,0.2319999999999709,0.0
309.75,4.0,624.307,44.4916,2.88,0.0,0.23300000000006094,0.0
310.25,4.0,624.54,44.4976,2.88,0.0,0.23299999999994725,0.0
310.25,4.0,624.772,44.4932,2.88,0.0,0.23200000000008458,0.0
310.25,4.0,625.005,44.4977,2.88,0.0,0.23299999999994725,0.0
310.25,4.0,625.238,44.5025,2.88,0.0,0.23300000000006094,0.0
313.25,4.0,625.47,44.4899,2.88,0.0,0.2319999999999709,0.0
314.0,4.0,625.703,44.4966,2.88,0.0,0.23299999999994725,0.0
314.75,4.0,625.936,44.4931,2.88,0.0,0.23300000000006094,0.0
315.0,4.0,626.168,44.4979,2.88,0.0,0.2319999999999709,0.0
314.5,4.0,626.401,44.4943,2.88,0.0,0.23299999999994725,0.0
314.5,4.0,626.634,44.4991,2.88,0.0,0.23300000000006094,0.0
314.5,4.0,626.866,44.4943,2.88,0.0,0.2319999999999709,0.0
314.5,4.0,627.099,44.4953,2.88,0.0,0.23300000000006094,0.0
316.0,4.0,627.332,44.5006,2.88,0.0,0.23299999999994725,0.0
315.75,4.0,627.564,44.495,2.88,0.0,0.2319999999999709,0.0
314.5,4.0,627.797,44.4965,2.88,0.0,0.23300000000006094,0.0
314.25,4.0,628.03,44.5013,2.88,0.0,0.23299999999994725,0.0
314.75,4.0,628.262,44.4995,2.88,0.0,0.2319999999999709,0.0
314.75,4.0,628.495,44.4937,2.88,0.0,0.23300000000006094,0.0
315.0,4.0,628.728,44.4991,2.88,0.0,0.23299999999994725,0.0
314.5,4.0,628.96,44.4975,2.88,0.0,0.23200000000008458,0.0
314.75,4.0,629.193,44.4983,2.88,0.0,0.23299999999994725,0.0
314.75,4.0,629.426,44.4947,2.88,0.0,0.23300000000006094,0.0
314.75,4.0,629.658,44.4965,2.88,0.0,0.2319999999999709,0.0
314.75,4.0,629.891,44.4956,2.88,0.0,0.23299999999994725,0.0
314.75,5.0,630.124,44.4907,3.5999999999999996,1.0,0.23300000000006094,4.29184549356111
315.25,5.0,630.356,44.4911,3.5999999999999996,0.0,0.2319999999999709,0.0
314.5,5.0,630.589,44.4974,3.5999999999999996,0.0,0.23300000000006094,0.0
315.25,5.0,630.822,44.4935,3.5999999999999996,0.0,0.23299999999994725,0.0
315.0,5.0,631.054,44.4952,3.5999999999999996,0.0,0.2319999999999709,0.0
315.5,5.0,631.287,44.4964,3.5999999999999996,0.0,0.23300000000006094,0.0
316.25,5.0,631.52,44.4952,3.5999999999999996,0.0,0.23299999999994725,0.0
316.5,5.0,631.752,44.4977,3.5999999999999996,0.0,0.2319999999999709,0.0
316.75,5.0,631.985,44.4952,3.5999999999999996,0.0,0.23300000000006094,0.0
317.0,5.0,632.218,44.4929,3.5999999999999996,0.0,0.23299999999994725,0.0
320.5,5.0,632.45,44.4975,3.5999999999999996,0.0,0.23200000000008458,0.0
320.5,5.0,632.683,44.5001,3.5999999999999996,0.0,0.23299999999994725,0.0
319.75,5.0,632.916,44.4993,3.5999999999999996,0.0,0.23300000000006094,0.0
322.25,5.0,633.148,44.4948,3.5999999999999996,0.0,0.2319999999999709,0.0
321.75,5.0,633.381,44.4993,3.5999999999999996,0.0,0.23299999999994725,0.0
321.5,5.0,633.614,44.4935,3.5999999999999996,0.0,0.23300000000006094,0.0
322.0,5.0,633.846,44.4942,3.5999999999999996,0.0,0.2319999999999709,0.0
321.5,5.0,634.079,44.5017,3.5999999999999996,0.0,0.23299999999994725,0.0
322.0,5.0,634.312,44.4989,3.5999999999999996,0.0,0.23300000000006094,0.0
322.0,5.0,634.544,44.4982,3.5999999999999996,0.0,0.2319999999999709,0.0
322.0,5.0,634.777,44.4993,3.5999999999999996,0.0,0.23300000000006094,0.0
322.0,5.0,635.01,44.4982,3.5999999999999996,0.0,0.23299999999994725,0.0
322.0,5.0,635.242,44.4937,3.5999999999999996,0.0,0.2319999999999709,0.0
322.25,5.0,635.475,44.4981,3.5999999999999996,0.0,0.23300000000006094,0.0
322.25,5.0,635.708,44.4933,3.5999999999999996,0.0,0.23299999999994725,0.0
322.25,5.0,635.94,44.5008,3.5999999999999996,0.0,0.23200000000008458,0.0
322.5,5.0,636.173,44.4974,3.5999999999999996,0.0,0.23299999999994725,0.0
322.5,5.0,636.406,44.4948,3.5999999999999996,0.0,0.23299999999994725,0.0
322.5,6.0,636.638,44.4954,4.32,1.0,0.23200000000008458,4.310344827584635
322.5,6.0,636.871,44.494,4.32,0.0,0.23299999999994725,0.0
322.5,6.0,637.104,44.4972,4.32,0.0,0.23300000000006094,0.0
322.75,6.0,637.336,44.5006,4.32,0.0,0.2319999999999709,0.0
322.25,6.0,637.569,44.4929,4.32,0.0,0.23299999999994725,0.0
323.0,6.0,637.802,44.5002,4.32,0.0,0.23300000000006094,0.0
323.25,6.0,638.034,44.4939,4.32,0.0,0.2319999999999709,0.0
323.25,6.0,638.267,44.4984,4.32,0.0,0.23300000000006094,0.0
327.0,6.0,638.5,44.5002,4.32,0.0,0.23299999999994725,0.0
328.25,6.0,638.732,44.4942,4.32,0.0,0.2319999999999709,0.0
328.0,6.0,638.965,44.4947,4.32,0.0,0.23300000000006094,0.0
330.0,6.0,639.198,44.4979,4.32,0.0,0.23299999999994725,0.0
330.0,6.0,639.43,44.4949,4.32,0.0,0.2319999999999709,0.0
330.5,6.0,639.663,44.495,4.32,0.0,0.23300000000006094,0.0
330.25,6.0,639.896,44.4931,4.32,0.0,0.23299999999994725,0.0
330.5,6.0,640.128,44.4979,4.32,0.0,0.23200000000008458,0.0
330.75,6.0,640.361,44.5021,4.32,0.0,0.23299999999994725,0.0
331.0,6.0,640.594,44.4971,4.32,0.0,0.23300000000006094,0.0
331.5,6.0,640.826,44.4979,4.32,0.0,0.2319999999999709,0.0
331.25,6.0,641.059,44.4976,4.32,0.0,0.23299999999994725,0.0
331.25,6.0,641.292,44.4978,4.32,0.0,0.23300000000006094,0.0
331.25,6.0,641.524,44.4943,4.32,0.0,0.2319999999999709,0.0
331.25,6.0,641.757,44.4946,4.32,0.0,0.23299999999994725,0.0
331.25,7.0,641.99,44.4958,5.04,1.0,0.23300000000006094,4.29184549356111
331.5,7.0,642.222,44.4903,5.04,0.0,0.2319999999999709,0.0
331.0,7.0,642.455,44.4938,5.04,0.0,0.23300000000006094,0.0
331.0,7.0,642.688,44.496,5.04,0.0,0.23299999999994725,0.0
330.75,7.0,642.922,44.4973,5.04,0.0,0.2340000000000373,0.0
331.25,7.0,643.155,44.5026,5.04,0.0,0.23299999999994725,0.0
331.75,7.0,643.388,44.4959,5.04,0.0,0.23300000000006094,0.0
332.5,7.0,643.62,44.4957,5.04,0.0,0.2319999999999709,0.0
332.5,7.0,643.853,44.4996,5.04,0.0,0.23299999999994725,0.0
332.5,7.0,644.086,44.4931,5.04,0.0,0.23300000000006094,0.0
333.0,7.0,644.318,44.499,5.04,0.0,0.2319999999999709,0.0
333.5,7.0,644.551,44.4988,5.04,0.0,0.23300000000006094,0.0
334.0,7.0,644.784,44.5,5.04,0.0,0.23299999999994725,0.0
334.25,7.0,645.016,44.5006,5.04,0.0,0.2319999999999709,0.0
334.75,7.0,645.249,44.4978,5.04,0.0,0.23300000000006094,0.0
337.0,7.0,645.482,44.493,5.04,0.0,0.23299999999994725,0.0
337.25,7.0,645.714,44.4989,5.04,0.0,0.23200000000008458,0.0
337.5,7.0,645.947,44.4953,5.04,0.0,0.23299999999994725,0.0
337.5,7.0,646.18,44.4925,5.04,0.0,0.23299999999994725,0.0
340.75,7.0,646.412,44.4973,5.04,0.0,0.23200000000008458,0.0
340.5,8.0,646.645,44.5006,5.76,1.0,0.23299999999994725,4.291845493563203
340.25,8.0,646.878,44.4886,5.76,0.0,0.23300000000006094,0.0
341.5,8.0,647.11,44.4928,5.76,0.0,0.2319999999999709,0.0
342.0,8.0,647.343,44.4956,5.76,0.0,0.23299999999994725,0.0
343.75,8.0,647.576,44.499,5.76,0.0,0.23300000000006094,0.0
344.5,8.0,647.808,44.4944,5.76,0.0,0.2319999999999709,0.0
344.0,8.0,648.041,44.4922,5.76,0.0,0.23300000000006094,0.0
344.25,8.0,648.274,44.4901,5.76,0.0,0.23299999999994725,0.0
344.5,8.0,648.506,44.4937,5.76,0.0,0.2319999999999709,0.0
344.25,8.0,648.739,44.4966,5.76,0.0,0.23300000000006094,0.0
344.0,8.0,648.972,44.4941,5.76,0.0,0.23299999999994725,0.0
344.75,8.0,649.204,44.4967,5.76,0.0,0.2319999999999709,0.0
344.5,8.0,649.437,44.4938,5.76,0.0,0.23300000000006094,0.0
344.75,8.0,649.67,44.4924,5.76,0.0,0.23299999999994725,0.0
345.5,8.0,649.902,44.4925,5.76,0.0,0.23200000000008458,0.0
348.0,8.0,650.135,44.4939,5.76,0.0,0.23299999999994725,0.0
348.0,8.0,650.368,44.4935,5.76,0.0,0.23300000000006094,0.0
349.0,9.0,650.6,44.4998,6.4799999999999995,1.0,0.2319999999999709,4.310344827586747
349.0,9.0,650.833,44.4955,6.4799999999999995,0.0,0.23299999999994725,0.0
348.75,9.0,651.066,44.4938,6.4799999999999995,0.0,0.23300000000006094,0.0
349.0,9.0,651.298,44.4954,6.4799999999999995,0.0,0.2319999999999709,0.0
350.0,9.0,651.531,44.4904,6.4799999999999995,0.0,0.23299999999994725,0.0
352.5,9.0,651.764,44.4923,6.4799999999999995,0.0,0.23300000000006094,0.0
352.75,9.0,651.996,44.4998,6.4799999999999995,0.0,0.2319999999999709,0.0
352.5,9.0,652.229,44.4987,6.4799999999999995,0.0,0.23300000000006094,0.0
352.75,9.0,652.462,44.4918,6.4799999999999995,0.0,0.23299999999994725,0.0
352.25,9.0,652.694,44.4955,6.4799999999999995,0.0,0.2319999999999709,0.0
352.75,9.0,652.927,44.4989,6.4799999999999995,0.0,0.23300000000006094,0.0
354.0,9.0,653.16,44.4953,6.4799999999999995,0.0,0.23299999999994725,0.0
353.5,9.0,653.392,44.4911,6.4799999999999995,0.0,0.23200000000008458,0.0
353.25,9.0,653.625,44.4939,6.4799999999999995,0.0,0.23299999999994725,0.0
353.5,9.0,653.858,44.4971,6.4799999999999995,0.0,0.23299999999994725,0.0
353.25,9.0,654.09,44.4935,6.4799999999999995,0.0,0.23200000000008458,0.0
353.0,10.0,654.323,44.4939,7.199999999999999,1.0,0.23299999999994725,4.291845493563203
352.5,10.0,654.556,44.496,7.199999999999999,0.0,0.23300000000006094,0.0
352.5,10.0,654.788,44.4993,7.199999999999999,0.0,0.2319999999999709,0.0
352.75,10.0,655.021,44.4972,7.199999999999999,0.0,0.23299999999994725,0.0
353.0,10.0,655.254,44.4938,7.199999999999999,0.0,0.23300000000006094,0.0
352.75,10.0,655.486,44.4943,7.199999999999999,0.0,0.2319999999999709,0.0
353.25,10.0,655.719,44.4926,7.199999999999999,0.0,0.23300000000006094,0.0
354.5,10.0,655.952,44.5017,7.199999999999999,0.0,0.23299999999994725,0.0
353.5,10.0,656.184,44.4979,7.199999999999999,0.0,0.2319999999999709,0.0
353.25,10.0,656.417,44.4913,7.199999999999999,0.0,0.23300000000006094,0.0
353.0,10.0,656.65,44.4901,7.199999999999999,0.0,0.23299999999994725,0.0
352.25,10.0,656.882,44.4977,7.199999999999999,0.0,0.2319999999999709,0.0
351.5,10.0,657.115,44.4929,7.199999999999999,0.0,0.23300000000006094,0.0
350.75,10.0,657.348,44.4928,7.199999999999999,0.0,0.23299999999994725,0.0
350.25,11.0,657.58,44.4934,7.92,1.0,0.23200000000008458,4.310344827584635
350.75,11.0,657.813,44.5008,7.92,0.0,0.23299999999994725,0.0
350.75,11.0,658.046,44.4962,7.92,0.0,0.23300000000006094,0.0
350.75,11.0,658.278,44.4898,7.92,0.0,0.2319999999999709,0.0
351.0,11.0,658.511,44.4931,7.92,0.0,0.23299999999994725,0.0
351.75,11.0,658.744,44.4933,7.92,0.0,0.23300000000006094,0.0
352.0,11.0,658.976,44.4941,7.92,0.0,0.2319999999999709,0.0
351.75,11.0,659.209,44.4928,7.92,0.0,0.23299999999994725,0.0
352.0,11.0,659.442,44.4948,7.92,0.0,0.23300000000006094,0.0
351.75,11.0,659.674,44.4886,7.92,0.0,0.2319999999999709,0.0
351.75,11.0,659.907,44.4945,7.92,0.0,0.23300000000006094,0.0
351.25,11.0,660.14,44.4926,7.92,0.0,0.23299999999994725,0.0
350.25,11.0,660.372,44.4908,7.92,0.0,0.2319999999999709,0.0
350.0,12.0,660.605,44.4924,8.64,1.0,0.23300000000006094,4.29184549356111
350.0,12.0,660.838,44.4956,8.64,0.0,0.23299999999994725,0.0
349.75,12.0,661.07,44.4936,8.64,0.0,0.23200000000008458,0.0
350.0,12.0,661.303,44.4923,8.64,0.0,0.23299999999994725,0.0
350.25,12.0,661.536,44.4936,8.64,0.0,0.23299999999994725,0.0
351.5,12.0,661.768,44.4892,8.64,0.0,0.23200000000008458,0.0
351.5,12.0,662.001,44.4931,8.64,0.0,0.23299999999994725,0.0
353.0,12.0,662.234,44.4927,8.64,0.0,0.23300000000006094,0.0
352.5,12.0,662.466,44.4938,8.64,0.0,0.2319999999999709,0.0
351.5,12.0,662.699,44.4939,8.64,0.0,0.23299999999994725,0.0
351.25,12.0,662.932,44.4926,8.64,0.0,0.23300000000006094,0.0
351.5,12.0,663.164,44.4941,8.64,0.0,0.2319999999999709,0.0
349.25,13.0,663.397,44.4964,9.36,1.0,0.23300000000006094,4.29184549356111
349.5,13.0,663.63,44.4933,9.36,0.0,0.23299999999994725,0.0
349.75,13.0,663.862,44.4889,9.36,0.0,0.2319999999999709,0.0
349.5,13.0,664.095,44.4985,9.36,0.0,0.23300000000006094,0.0
352.0,13.0,664.328,44.4946,9.36,0.0,0.23299999999994725,0.0
351.75,13.0,664.56,44.4989,9.36,0.0,0.2319999999999709,0.0
352.25,13.0,664.793,44.4971,9.36,0.0,0.23300000000006094,0.0
352.25,13.0,665.026,44.4947,9.36,0.0,0.23299999999994725,0.0
352.5,13.0,665.258,44.4976,9.36,0.0,0.23200000000008458,0.0
352.5,13.0,665.491,44.4963,9.36,0.0,0.23299999999994725,0.0
352.5,14.0,665.724,44.493,10.08,1.0,0.23300000000006094,4.29184549356111
352.25,14.0,665.956,44.4957,10.08,0.0,0.2319999999999709,0.0
353.5,14.0,666.189,44.494,10.08,0.0,0.23299999999994725,0.0
353.25,14.0,666.422,44.4874,10.08,0.0,0.23300000000006094,0.0
352.75,14.0,666.654,44.4887,10.08,0.0,0.2319999999999709,0.0
353.75,14.0,666.887,44.4885,10.08,0.0,0.23299999999994725,0.0
353.0,14.0,667.12,44.4895,10.08,0.0,0.23300000000006094,0.0
353.5,14.0,667.352,44.4931,10.08,0.0,0.2319999999999709,0.0
353.75,14.0,667.585,44.4946,10.08,0.0,0.23300000000006094,0.0
354.0,14.0,667.818,44.4919,10.08,0.0,0.23299999999994725,0.0
354.0,15.0,668.05,44.4988,10.799999999999999,1.0,0.2319999999999709,4.310344827586747
354.5,15.0,668.283,44.4965,10.799999999999999,0.0,0.23300000000006094,0.0
354.75,15.0,668.516,44.4881,10.799999999999999,0.0,0.23299999999994725,0.0
354.5,15.0,668.748,44.4925,10.799999999999999,0.0,0.23200000000008458,0.0
353.75,15.0,668.981,44.4917,10.799999999999999,0.0,0.23299999999994725,0.0
354.5,15.0,669.214,44.4975,10.799999999999999,0.0,0.23300000000006094,0.0
353.75,15.0,669.446,44.4992,10.799999999999999,0.0,0.2319999999999709,0.0
353.75,15.0,669.679,44.492,10.799999999999999,0.0,0.23299999999994725,0.0
354.0,15.0,669.912,44.4923,10.799999999999999,0.0,0.23300000000006094,0.0
353.5,15.0,670.144,44.4935,10.799999999999999,0.0,0.2319999999999709,0.0
353.25,16.0,670.377,44.4899,11.52,1.0,0.23299999999994725,4.291845493563203
353.5,16.0,670.61,44.4932,11.52,0.0,0.23300000000006094,0.0
353.75,16.0,670.842,44.4907,11.52,0.0,0.2319999999999709,0.0
354.0,16.0,671.075,44.4888,11.52,0.0,0.23300000000006094,0.0
354.25,16.0,671.308,44.4921,11.52,0.0,0.23299999999994725,0.0
354.0,16.0,671.54,44.4933,11.52,0.0,0.2319999999999709,0.0
354.0,16.0,671.773,44.493,11.52,0.0,0.23300000000006094,0.0
354.25,16.0,672.006,44.4931,11.52,0.0,0.23299999999994725,0.0
355.0,16.0,672.238,44.4942,11.52,0.0,0.23200000000008458,0.0
355.25,17.0,672.471,44.4888,12.24,1.0,0.23299999999994725,4.291845493563203
355.75,17.0,672.704,44.4926,12.24,0.0,0.23299999999994725,0.0
355.75,17.0,672.936,44.4918,12.24,0.0,0.23200000000008458,0.0
355.25,17.0,673.169,44.4945,12.24,0.0,0.23299999999994725,0.0
355.25,17.0,673.402,44.5004,12.24,0.0,0.23300000000006094,0.0
355.25,17.0,673.634,44.4907,12.24,0.0,0.2319999999999709,0.0
355.5,17.0,673.867,44.4912,12.24,0.0,0.23299999999994725,0.0
355.5,18.0,674.1,44.4891,12.959999999999999,1.0,0.23300000000006094,4.29184549356111
355.75,18.0,674.332,44.4947,12.959999999999999,0.0,0.2319999999999709,0.0
356.5,18.0,674.565,44.4948,12.959999999999999,0.0,0.23300000000006094,0.0
355.25,18.0,674.798,44.4957,12.959999999999999,0.0,0.23299999999994725,0.0
355.5,18.0,675.03,44.4903,12.959999999999999,0.0,0.2319999999999709,0.0
355.75,18.0,675.263,44.4928,12.959999999999999,0.0,0.23300000000006094,0.0
355.75,18.0,675.496,44.4952,12.959999999999999,0.0,0.23299999999994725,0.0
355.75,18.0,675.728,44.4875,12.959999999999999,0.0,0.2319999999999709,0.0
355.25,19.0,675.961,44.4902,13.68,1.0,0.23300000000006094,4.29184549356111
356.25,19.0,676.194,44.4928,13.68,0.0,0.23299999999994725,0.0
356.25,19.0,676.426,44.4893,13.68,0.0,0.23200000000008458,0.0
358.25,19.0,676.659,44.4938,13.68,0.0,0.23299999999994725,0.0
358.0,19.0,676.892,44.4981,13.68,0.0,0.23300000000006094,0.0
358.0,19.0,677.124,44.4829,13.68,0.0,0.2319999999999709,0.0
357.5,19.0,677.357,44.4864,13.68,0.0,0.23299999999994725,0.0
356.75,20.0,677.59,44.4978,14.399999999999999,1.0,0.23300000000006094,4.29184549356111
357.0,20.0,677.822,44.4952,14.399999999999999,0.0,0.2319999999999709,0.0
356.75,20.0,678.055,44.489,14.399999999999999,0.0,0.23299999999994725,0.0
356.75,20.0,678.288,44.4913,14.399999999999999,0.0,0.23300000000006094,0.0
356.5,20.0,678.52,44.4908,14.399999999999999,0.0,0.2319999999999709,0.0
357.0,20.0,678.753,44.488,14.399999999999999,0.0,0.23300000000006094,0.0
357.0,20.0,678.986,44.4946,14.399999999999999,0.0,0.23299999999994725,0.0
357.0,21.0,679.218,44.4969,15.12,1.0,0.2319999999999709,4.310344827586747
356.75,21.0,679.451,44.4891,15.12,0.0,0.23300000000006094,0.0
357.0,21.0,679.684,44.489,15.12,0.0,0.23299999999994725,0.0
357.25,21.0,679.916,44.4875,15.12,0.0,0.23200000000008458,0.0
357.25,21.0,680.149,44.4911,15.12,0.0,0.23299999999994725,0.0
357.25,21.0,680.382,44.4988,15.12,0.0,0.23299999999994725,0.0
357.75,22.0,680.614,44.4881,15.84,1.0,0.23200000000008458,4.310344827584635
357.75,22.0,680.847,44.4997,15.84,0.0,0.23299999999994725,0.0
358.75,22.0,681.08,44.4902,15.84,0.0,0.23300000000006094,0.0
358.75,22.0,681.312,44.4913,15.84,0.0,0.2319999999999709,0.0
359.25,22.0,681.545,44.4914,15.84,0.0,0.23299999999994725,0.0
359.25,22.0,681.778,44.4948,15.84,0.0,0.23300000000006094,0.0
359.5,22.0,682.01,44.4982,15.84,0.0,0.2319999999999709,0.0
359.25,23.0,682.243,44.4927,16.56,1.0,0.23300000000006094,4.29184549356111
359.5,23.0,682.476,44.492,16.56,0.0,0.23299999999994725,0.0
359.5,23.0,682.708,44.4922,16.56,0.0,0.2319999999999709,0.0
360.0,23.0,682.941,44.4883,16.56,0.0,0.23300000000006094,0.0
360.0,23.0,683.174,44.4902,16.56,0.0,0.23299999999994725,0.0
360.25,24.0,683.406,44.4933,17.28,1.0,0.2319999999999709,4.310344827586747
360.5,24.0,683.639,44.4825,17.28,0.0,0.23300000000006094,0.0
360.75,24.0,683.872,44.4859,17.28,0.0,0.23299999999994725,0.0
361.75,24.0,684.104,44.4916,17.28,0.0,0.23200000000008458,0.0
361.25,24.0,684.337,44.488,17.28,0.0,0.23299999999994725,0.0
362.25,24.0,684.57,44.4891,17.28,0.0,0.23300000000006094,0.0
361.75,25.0,684.802,44.4913,18.0,1.0,0.2319999999999709,4.310344827586747
361.75,25.0,685.035,44.496,18.0,0.0,0.23299999999994725,0.0
361.5,25.0,685.268,44.4903,18.0,0.0,0.23300000000006094,0.0
361.5,25.0,685.5,44.491,18.0,0.0,0.2319999999999709,0.0
363.0,25.0,685.733,44.4935,18.0,0.0,0.23299999999994725,0.0
363.0,26.0,685.966,44.4909,18.72,1.0,0.23300000000006094,4.29184549356111
363.0,26.0,686.198,44.4916,18.72,0.0,0.2319999999999709,0.0
363.0,26.0,686.431,44.4861,18.72,0.0,0.23300000000006094,0.0
362.5,26.0,686.664,44.4824,18.72,0.0,0.23299999999994725,0.0
363.25,26.0,686.896,44.4917,18.72,0.0,0.2319999999999709,0.0
362.75,27.0,687.129,44.49,19.439999999999998,1.0,0.23300000000006094,4.29184549356111
363.5,27.0,687.362,44.4873,19.439999999999998,0.0,0.23299999999994725,0.0
363.25,27.0,687.594,44.4931,19.439999999999998,0.0,0.23200000000008458,0.0
363.75,27.0,687.827,44.4913,19.439999999999998,0.0,0.23299999999994725,0.0
363.5,27.0,688.06,44.4958,19.439999999999998,0.0,0.23299999999994725,0.0
364.25,28.0,688.292,44.4928,20.16,1.0,0.23200000000008458,4.310344827584635
364.5,28.0,688.525,44.4837,20.16,0.0,0.23299999999994725,0.0
364.5,28.0,688.758,44.4835,20.16,0.0,0.23300000000006094,0.0
364.75,28.0,688.99,44.4922,20.16,0.0,0.2319999999999709,0.0
366.0,28.0,689.223,44.4917,20.16,0.0,0.23299999999994725,0.0
366.0,29.0,689.456,44.4892,20.88,1.0,0.23300000000006094,4.29184549356111
365.75,29.0,689.688,44.4938,20.88,0.0,0.2319999999999709,0.0
365.75,29.0,689.921,44.4872,20.88,0.0,0.23300000000006094,0.0
366.25,29.0,690.154,44.4899,20.88,0.0,0.23299999999994725,0.0
366.25,30.0,690.386,44.4865,21.599999999999998,1.0,0.2319999999999709,4.310344827586747
365.75,30.0,690.619,44.4861,21.599999999999998,0.0,0.23300000000006094,0.0
366.0,30.0,690.852,44.4863,21.599999999999998,0.0,0.23299999999994725,0.0
366.75,30.0,691.084,44.4804,21.599999999999998,0.0,0.2319999999999709,0.0
366.75,31.0,691.317,44.4996,22.32,1.0,0.23300000000006094,4.29184549356111
366.5,31.0,691.55,44.4913,22.32,0.0,0.23299999999994725,0.0
366.0,31.0,691.782,44.4819,22.32,0.0,0.23200000000008458,0.0
366.0,31.0,692.015,44.495,22.32,0.0,0.23299999999994725,0.0
365.25,32.0,692.248,44.4901,23.04,1.0,0.23300000000006094,4.29184549356111
366.0,32.0,692.48,44.4853,23.04,0.0,0.2319999999999709,0.0
366.0,32.0,692.713,44.4852,23.04,0.0,0.23299999999994725,0.0
366.25,32.0,692.946,44.4893,23.04,0.0,0.23300000000006094,0.0
365.25,32.0,693.178,44.496,23.04,0.0,0.2319999999999709,0.0
366.0,33.0,693.411,44.4846,23.759999999999998,1.0,0.23299999999994725,4.291845493563203
365.75,33.0,693.644,44.4846,23.759999999999998,0.0,0.23300000000006094,0.0
365.5,33.0,693.876,44.4967,23.759999999999998,0.0,0.2319999999999709,0.0
365.25,33.0,694.109,44.4888,23.759999999999998,0.0,0.23300000000006094,0.0
365.5,34.0,694.342,44.4832,24.48,1.0,0.23299999999994725,4.291845493563203
365.5,34.0,694.574,44.4957,24.48,0.0,0.2319999999999709,0.0
365.5,34.0,694.807,44.4944,24.48,0.0,0.23300000000006094,0.0
366.0,34.0,695.04,44.4753,24.48,0.0,0.23299999999994725,0.0
365.5,35.0,695.272,44.5009,25.2,1.0,0.23200000000008458,4.310344827584635
365.75,35.0,695.505,44.4874,25.2,0.0,0.23299999999994725,0.0
365.25,35.0,695.738,44.4909,25.2,0.0,0.23300000000006094,0.0
365.5,36.0,695.97,44.4764,25.919999999999998,1.0,0.2319999999999709,4.310344827586747
365.25,36.0,696.203,44.4983,25.919999999999998,0.0,0.23299999999994725,0.0
365.0,36.0,696.436,44.4899,25.919999999999998,0.0,0.23300000000006094,0.0
364.75,36.0,696.668,44.4822,25.919999999999998,0.0,0.2319999999999709,0.0
365.25,37.0,696.901,44.4951,26.64,1.0,0.23299999999994725,4.291845493563203
366.25,37.0,697.134,44.4853,26.64,0.0,0.23300000000006094,0.0
366.25,37.0,697.366,44.4853,26.64,0.0,0.2319999999999709,0.0
366.75,38.0,697.599,44.4859,27.36,1.0,0.23300000000006094,4.29184549356111
367.5,38.0,697.832,44.4858,27.36,0.0,0.23299999999994725,0.0
368.0,38.0,698.064,44.4931,27.36,0.0,0.2319999999999709,0.0
367.25,38.0,698.297,44.4788,27.36,0.0,0.23300000000006094,0.0
367.75,39.0,698.53,44.4989,28.08,1.0,0.23299999999994725,4.291845493563203
367.5,39.0,698.762,44.4721,28.08,0.0,0.2319999999999709,0.0
367.5,39.0,698.995,44.479,28.08,0.0,0.23300000000006094,0.0
367.25,40.0,699.228,44.4987,28.799999999999997,1.0,0.23299999999994725,4.291845493563203
367.25,40.0,699.46,44.4903,28.799999999999997,0.0,0.23200000000008458,0.0
367.25,40.0,699.693,44.4891,28.799999999999997,0.0,0.23299999999994725,0.0
368.25,40.0,699.926,44.5043,28.799999999999997,0.0,0.23300000000006094,0.0
368.0,41.0,700.158,44.4847,29.52,1.0,0.2319999999999709,4.310344827586747
367.25,41.0,700.391,44.4724,29.52,0.0,0.23299999999994725,0.0
367.75,41.0,700.624,44.4797,29.52,0.0,0.23300000000006094,0.0
367.25,42.0,700.856,44.4923,30.24,1.0,0.2319999999999709,4.310344827586747
367.75,42.0,701.089,44.4909,30.24,0.0,0.23300000000006094,0.0
367.5,42.0,701.322,44.4902,30.24,0.0,0.23299999999994725,0.0
367.5,43.0,701.554,44.4815,30.959999999999997,1.0,0.2319999999999709,4.310344827586747
368.0,43.0,701.787,44.4845,30.959999999999997,0.0,0.23300000000006094,0.0
367.75,43.0,702.02,44.4767,30.959999999999997,0.0,0.23299999999994725,0.0
368.0,43.0,702.252,44.4891,30.959999999999997,0.0,0.2319999999999709,0.0
368.5,44.0,702.485,44.4883,31.68,1.0,0.23300000000006094,4.29184549356111
368.5,44.0,702.718,44.4773,31.68,0.0,0.23299999999994725,0.0
368.75,45.0,702.95,44.4897,32.4,1.0,0.23200000000008458,4.310344827584635
368.75,45.0,703.183,44.4927,32.4,0.0,0.23299999999994725,0.0
369.25,45.0,703.416,44.4895,32.4,0.0,0.23300000000006094,0.0
370.25,46.0,703.648,44.4625,33.12,1.0,0.2319999999999709,4.310344827586747
370.5,46.0,703.881,44.5039,33.12,0.0,0.23299999999994725,0.0
371.0,46.0,704.114,44.4905,33.12,0.0,0.23300000000006094,0.0
371.25,47.0,704.346,44.4872,33.839999999999996,1.0,0.2319999999999709,4.310344827586747
371.25,47.0,704.579,44.4817,33.839999999999996,0.0,0.23299999999994725,0.0
371.75,47.0,704.812,44.4875,33.839999999999996,0.0,0.23300000000006094,0.0
371.75,48.0,705.044,44.4931,34.56,1.0,0.2319999999999709,4.310344827586747
372.0,48.0,705.277,44.484,34.56,0.0,0.23300000000006094,0.0
373.25,49.0,705.51,44.4781,35.28,1.0,0.23299999999994725,4.291845493563203
373.75,49.0,705.742,44.48,35.28,0.0,0.2319999999999709,0.0
373.25,49.0,705.975,44.4738,35.28,0.0,0.23300000000006094,0.0
373.25,50.0,706.208,44.4764,36.0,1.0,0.23299999999994725,4.291845493563203
373.75,50.0,706.44,44.5097,36.0,0.0,0.23200000000008458,0.0
373.25,50.0,706.673,44.4773,36.0,0.0,0.23299999999994725,0.0
374.0,51.0,706.906,44.4714,36.72,1.0,0.23299999999994725,4.291845493563203
374.5,51.0,707.138,44.47,36.72,0.0,0.23200000000008458,0.0
375.0,52.0,707.371,44.462,37.44,1.0,0.23299999999994725,4.291845493563203
375.0,52.0,707.604,44.4973,37.44,0.0,0.23300000000006094,0.0
375.5,52.0,707.836,44.4615,37.44,0.0,0.2319999999999709,0.0
375.75,53.0,708.069,44.5107,38.16,1.0,0.23299999999994725,4.291845493563203
375.75,53.0,708.302,44.4932,38.16,0.0,0.23300000000006094,0.0
376.25,54.0,708.534,44.4723,38.879999999999995,1.0,0.2319999999999709,4.310344827586747
376.25,54.0,708.767,44.4778,38.879999999999995,0.0,0.23300000000006094,0.0
376.75,54.0,709.0,44.4967,38.879999999999995,0.0,0.23299999999994725,0.0
376.75,55.0,709.232,44.4761,39.6,1.0,0.2319999999999709,4.310344827586747
377.0,55.0,709.465,44.4576,39.6,0.0,0.23300000000006094,0.0
377.0,56.0,709.698,44.4978,40.32,1.0,0.23299999999994725,4.291845493563203
377.75,56.0,709.93,44.4935,40.32,0.0,0.2319999999999709,0.0
378.5,57.0,710.163,44.4686,41.04,1.0,0.23300000000006094,4.29184549356111
377.75,57.0,710.396,44.4833,41.04,0.0,0.23299999999994725,0.0
378.5,58.0,710.628,44.4951,41.76,1.0,0.23200000000008458,4.310344827584635
378.25,58.0,710.861,44.4824,41.76,0.0,0.23299999999994725,0.0
379.0,59.0,711.094,44.469,42.48,1.0,0.23300000000006094,4.29184549356111
379.5,59.0,711.326,44.488,42.48,0.0,0.2319999999999709,0.0
381.0,60.0,711.559,44.4917,43.199999999999996,1.0,0.23299999999994725,4.291845493563203
381.5,60.0,711.792,44.468,43.199999999999996,0.0,0.23300000000006094,0.0
382.0,61.0,712.024,44.485,43.92,1.0,0.2319999999999709,4.310344827586747
382.5,61.0,712.257,44.4806,43.92,0.0,0.23299999999994725,0.0
383.75,62.0,712.49,44.4801,44.64,1.0,0.23300000000006094,4.29184549356111
384.0,62.0,712.722,44.4953,44.64,0.0,0.2319999999999709,0.0
384.75,63.0,712.955,44.4836,45.36,1.0,0.23300000000006094,4.29184549356111
387.0,63.0,713.188,44.4811,45.36,0.0,0.23299999999994725,0.0
386.75,64.0,713.42,44.4956,46.08,1.0,0.2319999999999709,4.310344827586747
387.75,64.0,713.653,44.506,46.08,0.0,0.23300000000006094,0.0
388.25,65.0,713.886,44.4604,46.8,1.0,0.23299999999994725,4.291845493563203
388.0,65.0,714.118,44.4762,46.8,0.0,0.23200000000008458,0.0
389.25,66.0,714.351,44.4771,47.519999999999996,1.0,0.23299999999994725,4.291845493563203
390.0,67.0,714.584,44.5026,48.239999999999995,1.0,0.23299999999994725,4.291845493563203
390.75,67.0,714.816,44.4701,48.239999999999995,0.0,0.23200000000008458,0.0
391.0,68.0,715.049,44.4745,48.96,1.0,0.23299999999994725,4.291845493563203
391.0,68.0,715.282,44.4612,48.96,0.0,0.23300000000006094,0.0
393.0,69.0,715.514,44.4669,49.68,1.0,0.2319999999999709,4.310344827586747
394.25,70.0,715.747,44.4766,50.4,1.0,0.23299999999994725,4.291845493563203
395.75,70.0,715.98,44.511,50.4,0.0,0.23300000000006094,0.0
398.5,71.0,716.212,44.4527,51.12,1.0,0.2319999999999709,4.310344827586747
399.0,71.0,716.445,44.5022,51.12,0.0,0.23300000000006094,0.0
399.5,72.0,716.678,44.5017,51.839999999999996,1.0,0.23299999999994725,4.291845493563203
403.75,73.0,716.91,44.4457,52.559999999999995,1.0,0.2319999999999709,4.310344827586747
409.25,73.0,717.143,44.4361,52.559999999999995,0.0,0.23300000000006094,0.0
411.25,74.0,717.376,44.5399,53.28,1.0,0.23299999999994725,4.291845493563203
412.5,75.0,717.608,44.5055,54.0,1.0,0.2319999999999709,4.310344827586747
410.25,75.0,717.841,44.4546,54.0,0.0,0.23300000000006094,0.0
413.0,76.0,718.074,44.4533,54.72,1.0,0.23299999999994725,4.291845493563203
412.0,77.0,718.306,44.4575,55.44,1.0,0.23200000000008458,4.310344827584635
413.75,77.0,718.539,44.4974,55.44,0.0,0.23299999999994725,0.0
418.25,78.0,718.772,44.5197,56.16,1.0,0.23300000000006094,4.29184549356111
418.25,79.0,719.004,44.5092,56.879999999999995,1.0,0.2319999999999709,4.310344827586747
419.75,79.0,719.237,44.4646,56.879999999999995,0.0,0.23299999999994725,0.0
423.75,80.0,719.47,44.4927,57.599999999999994,1.0,0.23300000000006094,4.29184549356111
423.75,81.0,719.702,44.417,58.32,1.0,0.2319999999999709,4.310344827586747
424.25,82.0,719.935,44.4056,59.04,1.0,0.23299999999994725,4.291845493563203
446.75,83.0,720.168,44.4184,59.76,1.0,0.23300000000006094,4.29184549356111
452.25,83.0,720.4,44.5786,59.76,0.0,0.2319999999999709,0.0
435.5,84.0,720.633,44.4984,60.48,1.0,0.23300000000006094,4.29184549356111
440.5,85.0,720.866,44.3316,61.199999999999996,1.0,0.23299999999994725,4.291845493563203
466.5,86.0,721.098,44.4386,61.919999999999995,1.0,0.2319999999999709,4.310344827586747
470.0,87.0,721.331,44.4183,62.64,1.0,0.23300000000006094,4.29184549356111
461.25,87.0,721.564,44.5487,62.64,0.0,0.23299999999994725,0.0
477.25,88.0,721.796,44.493,63.36,1.0,0.23200000000008458,4.310344827584635
480.0,89.0,722.029,44.462,64.08,1.0,0.23299999999994725,4.291845493563203
473.5,90.0,722.262,44.4913,64.8,1.0,0.23299999999994725,4.291845493563203
521.0,91.0,722.494,44.4308,65.52,1.0,0.23200000000008458,4.310344827584635
472.0,92.0,722.727,44.5739,66.24,1.0,0.23299999999994725,4.291845493563203
518.0,93.0,722.96,44.5341,66.96,1.0,0.23300000000006094,4.29184549356111
523.75,93.0,723.192,44.3857,66.96,0.0,0.2319999999999709,0.0
512.0,94.0,723.425,44.3788,67.67999999999999,1.0,0.23299999999994725,4.291845493563203
524.0,95.0,723.658,44.3659,68.39999999999999,1.0,0.23300000000006094,4.29184549356111
524.25,97.0,723.89,44.5578,69.84,2.0,0.2319999999999709,8.620689655173495
524.0,99.0,724.123,44.5125,71.28,2.0,0.23300000000006094,8.58369098712222
524.5,100.0,724.356,44.4934,72.0,1.0,0.23299999999994725,4.291845493563203
524.25,101.0,724.588,44.5534,72.72,1.0,0.2319999999999709,4.310344827586747
524.5,102.0,724.821,44.5408,73.44,1.0,0.23300000000006094,4.29184549356111
524.5,103.0,725.054,44.4752,74.16,1.0,0.23299999999994725,4.291845493563203
524.5,104.0,725.286,44.4745,74.88,1.0,0.2319999999999709,4.310344827586747
524.0,105.0,725.519,44.4283,75.6,1.0,0.23300000000006094,4.29184549356111
525.0,106.0,725.752,44.4656,76.32,1.0,0.23299999999994725,4.291845493563203
524.75,108.0,725.984,44.4292,77.75999999999999,2.0,0.23200000000008458,8.62068965516927
525.0,108.0,726.217,44.439,77.75999999999999,0.0,0.23299999999994725,0.0
524.5,110.0,726.45,44.498,79.2,2.0,0.23300000000006094,8.58369098712222
525.0,111.0,726.682,44.4592,79.92,1.0,0.2319999999999709,4.310344827586747
524.5,112.0,726.915,44.475,80.64,1.0,0.23299999999994725,4.291845493563203
524.5,113.0,727.148,44.5065,81.36,1.0,0.23300000000006094,4.29184549356111
524.25,114.0,727.38,44.4683,82.08,1.0,0.2319999999999709,4.310344827586747
525.0,115.0,727.613,44.4092,82.8,1.0,0.23300000000006094,4.29184549356111
524.75,116.0,727.846,44.538,83.52,1.0,0.23299999999994725,4.291845493563203
525.0,118.0,728.078,44.5415,84.96,2.0,0.2319999999999709,8.620689655173495
525.0,118.0,728.311,44.4534,84.96,0.0,0.23300000000006094,0.0
525.0,120.0,728.544,44.4507,86.39999999999999,2.0,0.23299999999994725,8.583690987126406
525.25,121.0,728.776,44.4958,87.11999999999999,1.0,0.2319999999999709,4.310344827586747
525.25,122.0,729.009,44.4069,87.84,1.0,0.23300000000006094,4.29184549356111
525.25,123.0,729.242,44.4254,88.56,1.0,0.23299999999994725,4.291845493563203
525.25,124.0,729.474,44.4356,89.28,1.0,0.23200000000008458,4.310344827584635
525.25,126.0,729.707,44.4173,90.72,2.0,0.23299999999994725,8.583690987126406
525.0,127.0,729.94,44.4449,91.44,1.0,0.23300000000006094,4.29184549356111
524.75,128.0,730.172,44.4096,92.16,1.0,0.2319999999999709,4.310344827586747
524.25,130.0,730.405,44.4306,93.6,2.0,0.23299999999994725,8.583690987126406
523.5,131.0,730.638,44.4477,94.32,1.0,0.23300000000006094,4.29184549356111
523.5,132.0,730.87,44.4758,95.03999999999999,1.0,0.2319999999999709,4.310344827586747
522.0,133.0,731.103,44.5587,95.75999999999999,1.0,0.23299999999994725,4.291845493563203
522.0,134.0,731.336,44.4803,96.47999999999999,1.0,0.23300000000006094,4.29184549356111
521.5,136.0,731.568,44.4747,97.92,2.0,0.2319999999999709,8.620689655173495
520.75,137.0,731.801,44.4728,98.64,1.0,0.23300000000006094,4.29184549356111
519.5,138.0,732.034,44.4194,99.36,1.0,0.23299999999994725,4.291845493563203
518.5,140.0,732.266,44.4012,100.8,2.0,0.2319999999999709,8.620689655173495
517.75,141.0,732.499,44.5128,101.52,1.0,0.23300000000006094,4.29184549356111
515.75,142.0,732.732,44.4802,102.24,1.0,0.23299999999994725,4.291845493563203
514.75,143.0,732.964,44.4939,102.96,1.0,0.23200000000008458,4.310344827584635
514.25,145.0,733.197,44.527,104.39999999999999,2.0,0.23299999999994725,8.583690987126406
512.25,146.0,733.43,44.5153,105.11999999999999,1.0,0.23299999999994725,4.291845493563203
511.0,147.0,733.662,44.4722,105.83999999999999,1.0,0.23200000000008458,4.310344827584635
510.75,149.0,733.895,44.4477,107.28,2.0,0.23299999999994725,8.583690987126406
509.25,149.0,734.128,44.5047,107.28,0.0,0.23300000000006094,0.0
507.5,151.0,734.36,44.5019,108.72,2.0,0.2319999999999709,8.620689655173495
506.5,152.0,734.593,44.5071,109.44,1.0,0.23299999999994725,4.291845493563203
505.75,152.0,734.826,44.3314,109.44,0.0,0.23300000000006094,0.0
503.0,153.0,735.058,44.4447,110.16,1.0,0.2319999999999709,4.310344827586747
502.75,154.0,735.291,44.4676,110.88,1.0,0.23300000000006094,4.29184549356111
501.0,156.0,735.524,44.3687,112.32,2.0,0.23299999999994725,8.583690987126406
499.0,157.0,735.756,44.3462,113.03999999999999,1.0,0.2319999999999709,4.310344827586747
498.75,158.0,735.989,44.5334,113.75999999999999,1.0,0.23300000000006094,4.29184549356111
497.75,159.0,736.222,44.5105,114.47999999999999,1.0,0.23299999999994725,4.291845493563203
496.5,160.0,736.454,44.416,115.19999999999999,1.0,0.2319999999999709,4.310344827586747
494.5,161.0,736.687,44.439,115.92,1.0,0.23300000000006094,4.29184549356111
493.25,162.0,736.92,44.3807,116.64,1.0,0.23299999999994725,4.291845493563203
492.5,163.0,737.152,44.4839,117.36,1.0,0.23200000000008458,4.310344827584635
491.0,164.0,737.385,44.4864,118.08,1.0,0.23299999999994725,4.291845493563203
490.0,165.0,737.618,44.4577,118.8,1.0,0.23300000000006094,4.29184549356111
489.0,166.0,737.85,44.4603,119.52,1.0,0.2319999999999709,4.310344827586747
487.0,167.0,738.083,44.5229,120.24,1.0,0.23299999999994725,4.291845493563203
486.0,168.0,738.316,44.405,120.96,1.0,0.23300000000006094,4.29184549356111
485.25,169.0,738.548,44.4071,121.67999999999999,1.0,0.2319999999999709,4.310344827586747
484.25,170.0,738.781,44.4552,122.39999999999999,1.0,0.23299999999994725,4.291845493563203
482.25,171.0,739.014,44.4633,123.11999999999999,1.0,0.23300000000006094,4.29184549356111
481.0,172.0,739.246,44.4958,123.83999999999999,1.0,0.2319999999999709,4.310344827586747
480.25,173.0,739.479,44.4966,124.56,1.0,0.23300000000006094,4.29184549356111
478.25,174.0,739.712,44.5525,125.28,1.0,0.23299999999994725,4.291845493563203
477.25,175.0,739.944,44.4039,126.0,1.0,0.2319999999999709,4.310344827586747
476.75,176.0,740.177,44.4014,126.72,1.0,0.23300000000006094,4.29184549356111
474.0,177.0,740.41,44.4564,127.44,1.0,0.23299999999994725,4.291845493563203
473.5,177.0,740.642,44.4674,127.44,0.0,0.23200000000008458,0.0
472.5,178.0,740.875,44.4478,128.16,1.0,0.23299999999994725,4.291845493563203
471.75,179.0,741.108,44.4805,128.88,1.0,0.23299999999994725,4.291845493563203
469.75,180.0,741.34,44.4866,129.6,1.0,0.23200000000008458,4.310344827584635
468.75,181.0,741.573,44.5076,130.32,1.0,0.23299999999994725,4.291845493563203
468.0,181.0,741.806,44.4422,130.32,0.0,0.23300000000006094,0.0
465.75,182.0,742.038,44.4078,131.04,1.0,0.2319999999999709,4.310344827586747
464.75,183.0,742.271,44.5075,131.76,1.0,0.23299999999994725,4.291845493563203
463.75,184.0,742.504,44.4808,132.48,1.0,0.23300000000006094,4.29184549356111
462.25,184.0,742.736,44.6163,132.48,0.0,0.2319999999999709,0.0
461.0,185.0,742.969,44.3887,133.2,1.0,0.23300000000006094,4.29184549356111
460.5,186.0,743.202,44.4257,133.92,1.0,0.23299999999994725,4.291845493563203
459.25,186.0,743.434,44.4397,133.92,0.0,0.2319999999999709,0.0
457.75,187.0,743.669,44.438,134.64,1.0,0.23500000000001364,4.255319148935923
456.75,188.0,743.902,44.5276,135.35999999999999,1.0,0.23300000000006094,4.29184549356111
456.0,188.0,744.135,44.4021,135.35999999999999,0.0,0.23299999999994725,0.0
454.5,189.0,744.367,44.393,136.07999999999998,1.0,0.2319999999999709,4.310344827586747
453.5,189.0,744.6,44.5013,136.07999999999998,0.0,0.23300000000006094,0.0
452.75,190.0,744.833,44.5023,136.79999999999998,1.0,0.23299999999994725,4.291845493563203
451.25,191.0,745.065,44.4774,137.51999999999998,1.0,0.23200000000008458,4.310344827584635
449.75,191.0,745.298,44.4307,137.51999999999998,0.0,0.23299999999994725,0.0
449.25,192.0,745.531,44.511,138.24,1.0,0.23299999999994725,4.291845493563203
448.0,192.0,745.763,44.4154,138.24,0.0,0.23200000000008458,0.0
446.75,193.0,745.996,44.4193,138.96,1.0,0.23299999999994725,4.291845493563203
445.5,194.0,746.229,44.4589,139.68,1.0,0.23300000000006094,4.29184549356111
445.25,194.0,746.461,44.4553,139.68,0.0,0.2319999999999709,0.0
443.0,195.0,746.694,44.433,140.4,1.0,0.23299999999994725,4.291845493563203
442.5,195.0,746.927,44.4626,140.4,0.0,0.23300000000006094,0.0
441.75,196.0,747.159,44.4572,141.12,1.0,0.2319999999999709,4.310344827586747
440.25,196.0,747.392,44.4451,141.12,0.0,0.23300000000006094,0.0
439.5,196.0,747.625,44.4993,141.12,0.0,0.23299999999994725,0.0
438.5,197.0,747.857,44.4592,141.84,1.0,0.2319999999999709,4.310344827586747
437.75,197.0,748.09,44.4458,141.84,0.0,0.23300000000006094,0.0
436.25,198.0,748.323,44.4638,142.56,1.0,0.23299999999994725,4.291845493563203
435.5,198.0,748.555,44.4565,142.56,0.0,0.2319999999999709,0.0
434.5,199.0,748.788,44.4494,143.28,1.0,0.23300000000006094,4.29184549356111
433.25,199.0,749.021,44.4603,143.28,0.0,0.23299999999994725,0.0
432.5,199.0,749.253,44.4413,143.28,0.0,0.23200000000008458,0.0
431.75,200.0,749.486,44.4473,144.0,1.0,0.23299999999994725,4.291845493563203
430.5,200.0,749.719,44.4901,144.0,0.0,0.23300000000006094,0.0
429.25,201.0,749.951,44.4445,144.72,1.0,0.2319999999999709,4.310344827586747
428.5,201.0,750.184,44.4265,144.72,0.0,0.23299999999994725,0.0
428.5,201.0,750.417,44.5218,144.72,0.0,0.23300000000006094,0.0
426.25,202.0,750.649,44.4712,145.44,1.0,0.2319999999999709,4.310344827586747
426.0,202.0,750.882,44.441,145.44,0.0,0.23299999999994725,0.0
425.0,202.0,751.115,44.4549,145.44,0.0,0.23300000000006094,0.0
423.5,203.0,751.347,44.4621,146.16,1.0,0.2319999999999709,4.310344827586747
423.25,203.0,751.58,44.4677,146.16,0.0,0.23300000000006094,0.0
422.5,203.0,751.813,44.4592,146.16,0.0,0.23299999999994725,0.0
420.75,204.0,752.045,44.4525,146.88,1.0,0.2319999999999709,4.310344827586747
420.0,204.0,752.278,44.4483,146.88,0.0,0.23300000000006094,0.0
419.5,204.0,752.511,44.4565,146.88,0.0,0.23299999999994725,0.0
418.75,205.0,752.743,44.4465,147.6,1.0,0.23200000000008458,4.310344827584635
417.25,205.0,752.976,44.4401,147.6,0.0,0.23299999999994725,0.0
416.5,205.0,753.209,44.4521,147.6,0.0,0.23299999999994725,0.0
416.0,206.0,753.441,44.4477,148.32,1.0,0.23200000000008458,4.310344827584635
414.5,206.0,753.674,44.4426,148.32,0.0,0.23299999999994725,0.0
414.0,206.0,753.907,44.4572,148.32,0.0,0.23300000000006094,0.0
413.0,206.0,754.139,44.4499,148.32,0.0,0.2319999999999709,0.0
412.0,207.0,754.372,44.4468,149.04,1.0,0.23299999999994725,4.291845493563203
411.5,207.0,754.605,44.4532,149.04,0.0,0.23300000000006094,0.0
410.75,207.0,754.837,44.4527,149.04,0.0,0.2319999999999709,0.0
410.25,207.0,755.07,44.4477,149.04,0.0,0.23300000000006094,0.0
408.75,208.0,755.303,44.4526,149.76,1.0,0.23299999999994725,4.291845493563203
407.75,208.0,755.535,44.4518,149.76,0.0,0.2319999999999709,0.0
407.5,208.0,755.768,44.4488,149.76,0.0,0.23300000000006094,0.0
405.75,208.0,756.001,44.4502,149.76,0.0,0.23299999999994725,0.0
405.5,208.0,756.233,44.4489,149.76,0.0,0.2319999999999709,0.0
405.0,209.0,756.466,44.4628,150.48,1.0,0.23300000000006094,4.29184549356111
403.5,209.0,756.699,44.454,150.48,0.0,0.23299999999994725,0.0
403.5,209.0,756.931,44.445,150.48,0.0,0.23200000000008458,0.0
402.5,209.0,757.164,44.4532,150.48,0.0,0.23299999999994725,0.0
401.75,209.0,757.397,44.4528,150.48,0.0,0.23300000000006094,0.0
401.0,209.0,757.629,44.4475,150.48,0.0,0.2319999999999709,0.0
400.5,210.0,757.862,44.4542,151.2,1.0,0.23299999999994725,4.291845493563203
399.5,210.0,758.095,44.4514,151.2,0.0,0.23300000000006094,0.0
398.0,210.0,758.327,44.4465,151.2,0.0,0.2319999999999709,0.0
398.5,210.0,758.56,44.451,151.2,0.0,0.23299999999994725,0.0
397.5,210.0,758.793,44.4518,151.2,0.0,0.23300000000006094,0.0
396.75,211.0,759.025,44.4525,151.92,1.0,0.2319999999999709,4.310344827586747
396.0,211.0,759.258,44.4514,151.92,0.0,0.23300000000006094,0.0
395.25,211.0,759.491,44.4513,151.92,0.0,0.23299999999994725,0.0
395.25,211.0,759.723,44.4543,151.92,0.0,0.2319999999999709,0.0
394.25,211.0,759.956,44.4495,151.92,0.0,0.23300000000006094,0.0
393.5,211.0,760.189,44.4493,151.92,0.0,0.23299999999994725,0.0
393.5,211.0,760.421,44.4564,151.92,0.0,0.23200000000008458,0.0
391.75,212.0,760.654,44.4561,152.64,1.0,0.23299999999994725,4.291845493563203
391.5,212.0,760.887,44.4483,152.64,0.0,0.23299999999994725,0.0
391.25,212.0,761.119,44.4519,152.64,0.0,0.23200000000008458,0.0
390.5,212.0,761.352,44.4519,152.64,0.0,0.23299999999994725,0.0
389.5,212.0,761.585,44.4508,152.64,0.0,0.23300000000006094,0.0
389.0,212.0,761.817,44.4463,152.64,0.0,0.2319999999999709,0.0
388.25,212.0,762.05,44.4527,152.64,0.0,0.23299999999994725,0.0
387.5,212.0,762.283,44.4484,152.64,0.0,0.23300000000006094,0.0
386.75,213.0,762.515,44.4532,153.35999999999999,1.0,0.2319999999999709,4.310344827586747
385.75,213.0,762.748,44.4502,153.35999999999999,0.0,0.23300000000006094,0.0
385.5,213.0,762.981,44.4481,153.35999999999999,0.0,0.23299999999994725,0.0
385.0,213.0,763.213,44.4497,153.35999999999999,0.0,0.2319999999999709,0.0
384.5,213.0,763.446,44.4503,153.35999999999999,0.0,0.23300000000006094,0.0
384.25,213.0,763.679,44.4522,153.35999999999999,0.0,0.23299999999994725,0.0
383.0,213.0,763.911,44.4505,153.35999999999999,0.0,0.2319999999999709,0.0
382.5,213.0,764.144,44.4517,153.35999999999999,0.0,0.23300000000006094,0.0
381.5,213.0,764.377,44.4511,153.35999999999999,0.0,0.23299999999994725,0.0
380.75,214.0,764.609,44.4548,154.07999999999998,1.0,0.23200000000008458,4.310344827584635
380.5,214.0,764.842,44.4512,154.07999999999998,0.0,0.23299999999994725,0.0
379.5,214.0,765.075,44.4499,154.07999999999998,0.0,0.23300000000006094,0.0
378.75,214.0,765.307,44.448,154.07999999999998,0.0,0.2319999999999709,0.0
378.5,214.0,765.54,44.4486,154.07999999999998,0.0,0.23299999999994725,0.0
377.5,214.0,765.773,44.4481,154.07999999999998,0.0,0.23300000000006094,0.0
377.0,214.0,766.005,44.4459,154.07999999999998,0.0,0.2319999999999709,0.0
376.5,214.0,766.238,44.4526,154.07999999999998,0.0,0.23300000000006094,0.0
376.0,214.0,766.471,44.4521,154.07999999999998,0.0,0.23299999999994725,0.0
375.5,214.0,766.703,44.4492,154.07999999999998,0.0,0.2319999999999709,0.0
374.5,214.0,766.936,44.4483,154.07999999999998,0.0,0.23300000000006094,0.0
373.75,214.0,767.169,44.451,154.07999999999998,0.0,0.23299999999994725,0.0
373.5,214.0,767.401,44.4461,154.07999999999998,0.0,0.2319999999999709,0.0
372.25,215.0,767.634,44.4522,154.79999999999998,1.0,0.23300000000006094,4.29184549356111
372.25,215.0,767.867,44.4489,154.79999999999998,0.0,0.23299999999994725,0.0
371.5,215.0,768.099,44.4536,154.79999999999998,0.0,0.23200000000008458,0.0
371.25,215.0,768.332,44.4532,154.79999999999998,0.0,0.23299999999994725,0.0
370.25,215.0,768.565,44.4523,154.79999999999998,0.0,0.23300000000006094,0.0
369.75,215.0,768.797,44.4498,154.79999999999998,0.0,0.2319999999999709,0.0
369.75,215.0,769.03,44.4512,154.79999999999998,0.0,0.23299999999994725,0.0
368.5,215.0,769.263,44.4499,154.79999999999998,0.0,0.23300000000006094,0.0
368.0,215.0,769.495,44.4529,154.79999999999998,0.0,0.2319999999999709,0.0
367.5,215.0,769.728,44.4496,154.79999999999998,0.0,0.23299999999994725,0.0
366.5,215.0,769.961,44.4561,154.79999999999998,0.0,0.23300000000006094,0.0
366.0,215.0,770.193,44.4505,154.79999999999998,0.0,0.2319999999999709,0.0
365.5,215.0,770.426,44.4502,154.79999999999998,0.0,0.23300000000006094,0.0
365.25,215.0,770.659,44.4548,154.79999999999998,0.0,0.23299999999994725,0.0
364.25,215.0,770.891,44.4542,154.79999999999998,0.0,0.2319999999999709,0.0
363.5,216.0,771.124,44.4463,155.51999999999998,1.0,0.23300000000006094,4.29184549356111
363.25,216.0,771.357,44.4492,155.51999999999998,0.0,0.23299999999994725,0.0
361.75,216.0,771.589,44.4559,155.51999999999998,0.0,0.23200000000008458,0.0
361.75,216.0,771.822,44.4488,155.51999999999998,0.0,0.23299999999994725,0.0
361.5,216.0,772.055,44.4472,155.51999999999998,0.0,0.23299999999994725,0.0
360.0,216.0,772.287,44.4479,155.51999999999998,0.0,0.23200000000008458,0.0
359.75,216.0,772.52,44.4499,155.51999999999998,0.0,0.23299999999994725,0.0
359.5,216.0,772.753,44.4511,155.51999999999998,0.0,0.23300000000006094,0.0
359.0,216.0,772.985,44.4518,155.51999999999998,0.0,0.2319999999999709,0.0
358.25,216.0,773.218,44.4503,155.51999999999998,0.0,0.23299999999994725,0.0
357.25,216.0,773.451,44.4439,155.51999999999998,0.0,0.23300000000006094,0.0
356.75,216.0,773.683,44.4474,155.51999999999998,0.0,0.2319999999999709,0.0
355.75,216.0,773.916,44.4545,155.51999999999998,0.0,0.23300000000006094,0.0
355.5,216.0,774.149,44.4474,155.51999999999998,0.0,0.23299999999994725,0.0
354.75,216.0,774.381,44.4489,155.51999999999998,0.0,0.2319999999999709,0.0
354.75,216.0,774.614,44.4407,155.51999999999998,0.0,0.23300000000006094,0.0
354.25,216.0,774.847,44.4488,155.51999999999998,0.0,0.23299999999994725,0.0
353.0,216.0,775.079,44.4513,155.51999999999998,0.0,0.2319999999999709,0.0
353.25,216.0,775.312,44.4489,155.51999999999998,0.0,0.23300000000006094,0.0
352.75,216.0,775.545,44.4475,155.51999999999998,0.0,0.23299999999994725,0.0
352.0,216.0,775.777,44.4526,155.51999999999998,0.0,0.23200000000008458,0.0
351.5,216.0,776.01,44.452,155.51999999999998,0.0,0.23299999999994725,0.0
350.5,216.0,776.243,44.4516,155.51999999999998,0.0,0.23300000000006094,0.0
350.0,216.0,776.475,44.451,155.51999999999998,0.0,0.2319999999999709,0.0
349.5,217.0,776.708,44.4524,156.23999999999998,1.0,0.23299999999994725,4.291845493563203
349.25,217.0,776.941,44.4497,156.23999999999998,0.0,0.23300000000006094,0.0
349.25,217.0,777.173,44.4496,156.23999999999998,0.0,0.2319999999999709,0.0
348.75,217.0,777.406,44.4551,156.23999999999998,0.0,0.23299999999994725,0.0
348.0,217.0,777.639,44.4488,156.23999999999998,0.0,0.23300000000006094,0.0
347.0,217.0,777.871,44.448,156.23999999999998,0.0,0.2319999999999709,0.0
347.0,217.0,778.114,44.4512,156.23999999999998,0.0,0.24300000000005184,0.0
346.75,217.0,778.347,44.4535,156.23999999999998,0.0,0.23299999999994725,0.0
345.5,217.0,778.58,44.4538,156.23999999999998,0.0,0.23300000000006094,0.0
345.25,217.0,778.812,44.448,156.23999999999998,0.0,0.2319999999999709,0.0
345.0,217.0,779.045,44.4439,156.23999999999998,0.0,0.23299999999994725,0.0
344.25,217.0,779.278,44.4494,156.23999999999998,0.0,0.23300000000006094,0.0
344.25,217.0,779.51,44.4482,156.23999999999998,0.0,0.2319999999999709,0.0
343.75,217.0,779.743,44.4512,156.23999999999998,0.0,0.23300000000006094,0.0
343.0,217.0,779.976,44.4467,156.23999999999998,0.0,0.23299999999994725,0.0
342.25,217.0,780.208,44.4528,156.23999999999998,0.0,0.2319999999999709,0.0
342.25,217.0,780.441,44.444,156.23999999999998,0.0,0.23300000000006094,0.0
342.0,217.0,780.674,44.4497,156.23999999999998,0.0,0.23299999999994725,0.0
341.0,217.0,780.906,44.4519,156.23999999999998,0.0,0.2319999999999709,0.0
341.0,217.0,781.139,44.4484,156.23999999999998,0.0,0.23300000000006094,0.0
340.5,217.0,781.372,44.45,156.23999999999998,0.0,0.23299999999994725,0.0
339.75,217.0,781.604,44.4487,156.23999999999998,0.0,0.23200000000008458,0.0
339.75,217.0,781.837,44.4426,156.23999999999998,0.0,0.23299999999994725,0.0
339.0,217.0,782.07,44.4535,156.23999999999998,0.0,0.23300000000006094,0.0
339.0,217.0,782.302,44.4499,156.23999999999998,0.0,0.2319999999999709,0.0
338.25,217.0,782.535,44.4488,156.23999999999998,0.0,0.23299999999994725,0.0
337.75,217.0,782.768,44.4492,156.23999999999998,0.0,0.23300000000006094,0.0
337.5,217.0,783.0,44.4492,156.23999999999998,0.0,0.2319999999999709,0.0
337.0,217.0,783.233,44.4496,156.23999999999998,0.0,0.23299999999994725,0.0
336.25,217.0,783.466,44.4524,156.23999999999998,0.0,0.23300000000006094,0.0
336.25,217.0,783.698,44.452,156.23999999999998,0.0,0.2319999999999709,0.0
335.75,217.0,783.943,44.4465,156.23999999999998,0.0,0.24500000000000455,0.0
335.0,217.0,784.176,44.4504,156.23999999999998,0.0,0.23300000000006094,0.0
334.5,217.0,784.409,44.4489,156.23999999999998,0.0,0.23299999999994725,0.0
334.0,217.0,784.641,44.4472,156.23999999999998,0.0,0.2319999999999709,0.0
333.25,217.0,784.874,44.4484,156.23999999999998,0.0,0.23300000000006094,0.0
333.25,217.0,785.107,44.4523,156.23999999999998,0.0,0.23299999999994725,0.0
333.25,217.0,785.339,44.4447,156.23999999999998,0.0,0.23200000000008458,0.0
332.25,217.0,785.572,44.451,156.23999999999998,0.0,0.23299999999994725,0.0
332.0,217.0,785.805,44.445,156.23999999999998,0.0,0.23299999999994725,0.0
331.5,218.0,786.037,44.4444,156.96,1.0,0.23200000000008458,4.310344827584635
331.25,218.0,786.27,44.4499,156.96,0.0,0.23299999999994725,0.0
330.75,218.0,786.503,44.4494,156.96,0.0,0.23300000000006094,0.0
330.75,218.0,786.735,44.4459,156.96,0.0,0.2319999999999709,0.0
330.25,218.0,786.968,44.4504,156.96,0.0,0.23299999999994725,0.0
329.5,218.0,787.201,44.4475,156.96,0.0,0.23300000000006094,0.0
329.0,218.0,787.433,44.4433,156.96,0.0,0.2319999999999709,0.0
328.75,218.0,787.666,44.4405,156.96,0.0,0.23300000000006094,0.0
328.25,218.0,787.899,44.4508,156.96,0.0,0.23299999999994725,0.0
328.0,218.0,788.131,44.4483,156.96,0.0,0.2319999999999709,0.0
328.0,218.0,788.364,44.4475,156.96,0.0,0.23300000000006094,0.0
327.0,218.0,788.597,44.4467,156.96,0.0,0.23299999999994725,0.0
326.25,218.0,788.829,44.4479,156.96,0.0,0.2319999999999709,0.0
326.25,218.0,789.062,44.4473,156.96,0.0,0.23300000000006094,0.0
326.0,218.0,789.295,44.4497,156.96,0.0,0.23299999999994725,0.0
325.25,218.0,789.527,44.4485,156.96,0.0,0.23200000000008458,0.0
325.25,218.0,789.76,44.454,156.96,0.0,0.23299999999994725,0.0
325.0,218.0,789.993,44.4519,156.96,0.0,0.23300000000006094,0.0
324.5,218.0,790.225,44.4485,156.96,0.0,0.2319999999999709,0.0
324.0,218.0,790.458,44.4487,156.96,0.0,0.23299999999994725,0.0
323.75,218.0,790.691,44.4523,156.96,0.0,0.23300000000006094,0.0
323.5,218.0,790.923,44.4443,156.96,0.0,0.2319999999999709,0.0
323.0,218.0,791.156,44.4478,156.96,0.0,0.23299999999994725,0.0
322.5,218.0,791.389,44.4494,156.96,0.0,0.23300000000006094,0.0
321.75,218.0,791.621,44.448,156.96,0.0,0.2319999999999709,0.0
321.5,218.0,791.854,44.4522,156.96,0.0,0.23300000000006094,0.0
321.25,218.0,792.087,44.4479,156.96,0.0,0.23299999999994725,0.0
321.0,218.0,792.319,44.4492,156.96,0.0,0.2319999999999709,0.0
320.0,218.0,792.552,44.4488,156.96,0.0,0.23300000000006094,0.0
320.0,218.0,792.785,44.4476,156.96,0.0,0.23299999999994725,0.0
319.5,218.0,793.017,44.4439,156.96,0.0,0.23200000000008458,0.0
319.25,218.0,793.25,44.4508,156.96,0.0,0.23299999999994725,0.0
319.25,218.0,793.483,44.4481,156.96,0.0,0.23299999999994725,0.0
318.75,218.0,793.715,44.4465,156.96,0.0,0.23200000000008458,0.0
318.5,218.0,793.948,44.4483,156.96,0.0,0.23299999999994725,0.0
318.0,218.0,794.181,44.4469,156.96,0.0,0.23300000000006094,0.0
318.0,218.0,794.413,44.451,156.96,0.0,0.2319999999999709,0.0
317.5,218.0,794.646,44.4497,156.96,0.0,0.23299999999994725,0.0
317.0,218.0,794.879,44.4509,156.96,0.0,0.23300000000006094,0.0
316.75,218.0,795.111,44.4482,156.96,0.0,0.2319999999999709,0.0
316.5,218.0,795.344,44.4478,156.96,0.0,0.23300000000006094,0.0
316.0,218.0,795.577,44.4527,156.96,0.0,0.23299999999994725,0.0
315.5,218.0,795.809,44.4467,156.96,0.0,0.2319999999999709,0.0
315.5,218.0,796.042,44.4487,156.96,0.0,0.23300000000006094,0.0
315.0,218.0,796.275,44.4461,156.96,0.0,0.23299999999994725,0.0
314.75,218.0,796.507,44.447,156.96,0.0,0.2319999999999709,0.0
314.25,218.0,796.74,44.4485,156.96,0.0,0.23300000000006094,0.0
314.25,218.0,796.973,44.4484,156.96,0.0,0.23299999999994725,0.0
313.5,218.0,797.205,44.4491,156.96,0.0,0.23200000000008458,0.0
313.5,218.0,797.438,44.4531,156.96,0.0,0.23299999999994725,0.0
313.0,218.0,797.671,44.4502,156.96,0.0,0.23300000000006094,0.0
312.25,218.0,797.903,44.4503,156.96,0.0,0.2319999999999709,0.0
312.5,218.0,798.136,44.4511,156.96,0.0,0.23299999999994725,0.0
312.0,218.0,798.369,44.4506,156.96,0.0,0.23300000000006094,0.0
311.75,218.0,798.601,44.4546,156.96,0.0,0.2319999999999709,0.0
311.25,218.0,798.834,44.4448,156.96,0.0,0.23299999999994725,0.0
310.25,218.0,799.067,44.4529,156.96,0.0,0.23300000000006094,0.0
310.25,218.0,799.299,44.4482,156.96,0.0,0.2319999999999709,0.0
310.0,218.0,799.532,44.4498,156.96,0.0,0.23300000000006094,0.0
309.75,218.0,799.765,44.4509,156.96,0.0,0.23299999999994725,0.0
309.25,218.0,799.997,44.4481,156.96,0.0,0.2319999999999709,0.0
309.0,218.0,800.23,44.4433,156.96,0.0,0.23300000000006094,0.0
307.75,218.0,800.463,44.4518,156.96,0.0,0.23299999999994725,0.0
308.25,218.0,800.695,44.4503,156.96,0.0,0.23200000000008458,0.0
308.25,218.0,800.928,44.444,156.96,0.0,0.23299999999994725,0.0
307.25,218.0,801.161,44.4495,156.96,0.0,0.23299999999994725,0.0
307.25,218.0,801.393,44.4478,156.96,0.0,0.23200000000008458,0.0
306.75,218.0,801.626,44.4482,156.96,0.0,0.23299999999994725,0.0
306.5,218.0,801.859,44.4495,156.96,0.0,0.23300000000006094,0.0
305.75,218.0,802.091,44.4498,156.96,0.0,0.2319999999999709,0.0
305.5,218.0,802.324,44.4519,156.96,0.0,0.23299999999994725,0.0
305.25,218.0,802.557,44.4488,156.96,0.0,0.23300000000006094,0.0
304.75,218.0,802.789,44.4449,156.96,0.0,0.2319999999999709,0.0
304.5,218.0,803.022,44.4475,156.96,0.0,0.23300000000006094,0.0
304.25,218.0,803.255,44.4475,156.96,0.0,0.23299999999994725,0.0
303.75,218.0,803.487,44.4483,156.96,0.0,0.2319999999999709,0.0
303.25,218.0,803.72,44.4476,156.96,0.0,0.23300000000006094,0.0
302.75,218.0,803.953,44.4478,156.96,0.0,0.23299999999994725,0.0
302.25,218.0,804.185,44.4468,156.96,0.0,0.2319999999999709,0.0
302.25,218.0,804.418,44.4475,156.96,0.0,0.23300000000006094,0.0
302.25,218.0,804.651,44.4491,156.96,0.0,0.23299999999994725,0.0
301.75,218.0,804.883,44.4494,156.96,0.0,0.23200000000008458,0.0
301.5,218.0,805.116,44.4503,156.96,0.0,0.23299999999994725,0.0
300.75,218.0,805.349,44.4443,156.96,0.0,0.23300000000006094,0.0
300.75,218.0,805.581,44.4477,156.96,0.0,0.2319999999999709,0.0
300.5,218.0,805.814,44.4495,156.96,0.0,0.23299999999994725,0.0
300.75,218.0,806.047,44.4472,156.96,0.0,0.23300000000006094,0.0
300.5,218.0,806.279,44.4519,156.96,0.0,0.2319999999999709,0.0
299.75,218.0,806.512,44.4504,156.96,0.0,0.23299999999994725,0.0
299.5,218.0,806.745,44.4529,156.96,0.0,0.23300000000006094,0.0
299.25,218.0,806.977,44.4481,156.96,0.0,0.2319999999999709,0.0
298.5,218.0,807.21,44.4461,156.96,0.0,0.23300000000006094,0.0
298.5,218.0,807.443,44.4473,156.96,0.0,0.23299999999994725,0.0
298.25,218.0,807.675,44.4469,156.96,0.0,0.2319999999999709,0.0
298.25,218.0,807.908,44.448,156.96,0.0,0.23300000000006094,0.0
297.75,218.0,808.141,44.4497,156.96,0.0,0.23299999999994725,0.0
297.25,218.0,808.373,44.4504,156.96,0.0,0.23200000000008458,0.0
297.25,218.0,808.606,44.4443,156.96,0.0,0.23299999999994725,0.0
296.25,218.0,808.839,44.4451,156.96,0.0,0.23300000000006094,0.0
296.25,218.0,809.071,44.4513,156.96,0.0,0.2319999999999709,0.0
296.0,218.0,809.304,44.4473,156.96,0.0,0.23299999999994725,0.0
295.0,218.0,809.537,44.4436,156.96,0.0,0.23300000000006094,0.0
295.75,218.0,809.769,44.4529,156.96,0.0,0.2319999999999709,0.0
295.0,218.0,810.002,44.451,156.96,0.0,0.23299999999994725,0.0
294.75,218.0,810.235,44.4523,156.96,0.0,0.23300000000006094,0.0
294.5,218.0,810.467,44.4493,156.96,0.0,0.2319999999999709,0.0
293.5,218.0,810.7,44.4517,156.96,0.0,0.23300000000006094,0.0
294.25,218.0,810.933,44.4458,156.96,0.0,0.23299999999994725,0.0
293.75,218.0,811.165,44.4453,156.96,0.0,0.2319999999999709,0.0
293.5,218.0,811.398,44.4432,156.96,0.0,0.23300000000006094,0.0
292.5,218.0,811.631,44.4508,156.96,0.0,0.23299999999994725,0.0
292.75,218.0,811.863,44.4465,156.96,0.0,0.23200000000008458,0.0
292.5,218.0,812.096,44.4489,156.96,0.0,0.23299999999994725,0.0
291.75,218.0,812.329,44.4483,156.96,0.0,0.23299999999994725,0.0
292.0,218.0,812.561,44.4468,156.96,0.0,0.23200000000008458,0.0
291.5,218.0,812.794,44.4432,156.96,0.0,0.23299999999994725,0.0
291.25,218.0,813.027,44.4449,156.96,0.0,0.23300000000006094,0.0
290.75,218.0,813.259,44.4479,156.96,0.0,0.2319999999999709,0.0
290.0,218.0,813.492,44.4485,156.96,0.0,0.23299999999994725,0.0
290.5,218.0,813.725,44.4473,156.96,0.0,0.23300000000006094,0.0
290.0,218.0,813.957,44.4471,156.96,0.0,0.2319999999999709,0.0
289.75,218.0,814.19,44.4453,156.96,0.0,0.23300000000006094,0.0
289.25,218.0,814.423,44.4483,156.96,0.0,0.23299999999994725,0.0
289.0,218.0,814.655,44.4489,156.96,0.0,0.2319999999999709,0.0
288.75,218.0,814.888,44.4433,156.96,0.0,0.23300000000006094,0.0
288.5,218.0,815.121,44.4464,156.96,0.0,0.23299999999994725,0.0
288.5,218.0,815.353,44.4471,156.96,0.0,0.2319999999999709,0.0
288.0,218.0,815.586,44.4507,156.96,0.0,0.23300000000006094,0.0
287.75,218.0,815.819,44.4463,156.96,0.0,0.23299999999994725,0.0
287.25,218.0,816.051,44.447,156.96,0.0,0.23200000000008458,0.0
287.5,218.0,816.284,44.4492,156.96,0.0,0.23299999999994725,0.0
287.25,218.0,816.517,44.4486,156.96,0.0,0.23300000000006094,0.0
286.75,218.0,816.749,44.4473,156.96,0.0,0.2319999999999709,0.0
286.5,218.0,816.982,44.4456,156.96,0.0,0.23299999999994725,0.0
286.5,218.0,817.215,44.4512,156.96,0.0,0.23300000000006094,0.0
286.25,218.0,817.447,44.4447,156.96,0.0,0.2319999999999709,0.0
285.5,218.0,817.68,44.4452,156.96,0.0,0.23299999999994725,0.0
285.75,218.0,817.913,44.4499,156.96,0.0,0.23300000000006094,0.0
285.5,218.0,818.145,44.4447,156.96,0.0,0.2319999999999709,0.0
285.0,218.0,818.378,44.4428,156.96,0.0,0.23300000000006094,0.0
284.75,218.0,818.611,44.4469,156.96,0.0,0.23299999999994725,0.0
284.75,218.0,818.843,44.4508,156.96,0.0,0.2319999999999709,0.0
284.0,218.0,819.076,44.4512,156.96,0.0,0.23300000000006094,0.0
283.0,218.0,819.309,44.4458,156.96,0.0,0.23299999999994725,0.0
283.75,218.0,819.541,44.4481,156.96,0.0,0.23200000000008458,0.0
283.0,218.0,819.774,44.4509,156.96,0.0,0.23299999999994725,0.0
283.0,218.0,820.007,44.4515,156.96,0.0,0.23299999999994725,0.0
282.75,218.0,820.239,44.4462,156.96,0.0,0.23200000000008458,0.0
282.25,218.0,820.472,44.4483,156.96,0.0,0.23299999999994725,0.0
282.5,218.0,820.705,44.4467,156.96,0.0,0.23300000000006094,0.0
282.25,218.0,820.937,44.4439,156.96,0.0,0.2319999999999709,0.0
281.25,218.0,821.17,44.4459,156.96,0.0,0.23299999999994725,0.0
281.75,218.0,821.403,44.4472,156.96,0.0,0.23300000000006094,0.0
281.5,218.0,821.635,44.4421,156.96,0.0,0.2319999999999709,0.0
281.5,219.0,821.868,44.443,157.68,1.0,0.23300000000006094,4.29184549356111
280.75,219.0,822.101,44.4495,157.68,0.0,0.23299999999994725,0.0
281.0,219.0,822.333,44.4461,157.68,0.0,0.2319999999999709,0.0
280.75,219.0,822.566,44.4484,157.68,0.0,0.23300000000006094,0.0
280.5,219.0,822.799,44.445,157.68,0.0,0.23299999999994725,0.0
279.75,219.0,823.031,44.4464,157.68,0.0,0.2319999999999709,0.0
280.25,219.0,823.264,44.4462,157.68,0.0,0.23300000000006094,0.0
279.0,219.0,823.497,44.4499,157.68,0.0,0.23299999999994725,0.0
280.0,219.0,823.729,44.4493,157.68,0.0,0.23200000000008458,0.0
279.75,219.0,823.962,44.4521,157.68,0.0,0.23299999999994725,0.0
279.5,219.0,824.195,44.4471,157.68,0.0,0.23300000000006094,0.0
279.5,219.0,824.427,44.4483,157.68,0.0,0.2319999999999709,0.0
278.5,219.0,824.66,44.4422,157.68,0.0,0.23299999999994725,0.0
279.0,219.0,824.893,44.446,157.68,0.0,0.23300000000006094,0.0
278.5,219.0,825.125,44.4448,157.68,0.0,0.2319999999999709,0.0
278.5,219.0,825.358,44.4413,157.68,0.0,0.23299999999994725,0.0
278.5,219.0,825.591,44.4466,157.68,0.0,0.23300000000006094,0.0
278.0,219.0,825.823,44.4482,157.68,0.0,0.2319999999999709,0.0
277.75,219.0,826.056,44.4456,157.68,0.0,0.23300000000006094,0.0
278.0,219.0,826.289,44.4468,157.68,0.0,0.23299999999994725,0.0
277.5,219.0,826.521,44.4472,157.68,0.0,0.2319999999999709,0.0
277.5,219.0,826.754,44.4467,157.68,0.0,0.23300000000006094,0.0
277.25,219.0,826.987,44.4387,157.68,0.0,0.23299999999994725,0.0
276.5,219.0,827.219,44.4483,157.68,0.0,0.23200000000008458,0.0
276.0,219.0,827.452,44.4513,157.68,0.0,0.23299999999994725,0.0
276.5,219.0,827.685,44.4361,157.68,0.0,0.23299999999994725,0.0
276.0,219.0,827.917,44.442,157.68,0.0,0.23200000000008458,0.0
275.75,219.0,828.15,44.4426,157.68,0.0,0.23299999999994725,0.0
275.5,219.0,828.383,44.4494,157.68,0.0,0.23300000000006094,0.0
275.75,219.0,828.615,44.4454,157.68,0.0,0.2319999999999709,0.0
275.5,219.0,828.848,44.4481,157.68,0.0,0.23299999999994725,0.0
275.0,219.0,829.081,44.4496,157.68,0.0,0.23300000000006094,0.0
274.0,219.0,829.313,44.4457,157.68,0.0,0.2319999999999709,0.0
274.5,219.0,829.546,44.4466,157.68,0.0,0.23300000000006094,0.0
274.5,219.0,829.779,44.4436,157.68,0.0,0.23299999999994725,0.0
274.0,219.0,830.011,44.4486,157.68,0.0,0.2319999999999709,0.0
274.0,219.0,830.244,44.4457,157.68,0.0,0.23300000000006094,0.0
274.0,219.0,830.477,44.4507,157.68,0.0,0.23299999999994725,0.0
273.25,219.0,830.709,44.4477,157.68,0.0,0.2319999999999709,0.0
273.25,219.0,830.942,44.4473,157.68,0.0,0.23300000000006094,0.0
273.0,219.0,831.175,44.4509,157.68,0.0,0.23299999999994725,0.0
273.0,219.0,831.407,44.4439,157.68,0.0,0.23200000000008458,0.0
272.75,219.0,831.64,44.4446,157.68,0.0,0.23299999999994725,0.0
272.5,219.0,831.873,44.444,157.68,0.0,0.23300000000006094,0.0
272.0,219.0,832.105,44.4454,157.68,0.0,0.2319999999999709,0.0
272.25,219.0,832.338,44.4509,157.68,0.0,0.23299999999994725,0.0
271.5,219.0,832.571,44.4461,157.68,0.0,0.23300000000006094,0.0
271.75,219.0,832.803,44.4503,157.68,0.0,0.2319999999999709,0.0
271.5,219.0,833.036,44.4452,157.68,0.0,0.23299999999994725,0.0
271.25,219.0,833.269,44.4471,157.68,0.0,0.23300000000006094,0.0
270.75,219.0,833.501,44.4438,157.68,0.0,0.2319999999999709,0.0
270.5,219.0,833.734,44.4508,157.68,0.0,0.23300000000006094,0.0
270.0,219.0,833.967,44.4421,157.68,0.0,0.23299999999994725,0.0
270.25,219.0,834.199,44.4482,157.68,0.0,0.2319999999999709,0.0
269.75,219.0,834.432,44.4473,157.68,0.0,0.23300000000006094,0.0
269.75,219.0,834.665,44.4456,157.68,0.0,0.23299999999994725,0.0
269.5,219.0,834.897,44.4473,157.68,0.0,0.23200000000008458,0.0
269.5,219.0,835.13,44.4476,157.68,0.0,0.23299999999994725,0.0
269.25,219.0,835.363,44.4496,157.68,0.0,0.23300000000006094,0.0
269.0,219.0,835.595,44.4479,157.68,0.0,0.2319999999999709,0.0
268.5,219.0,835.828,44.45,157.68,0.0,0.23299999999994725,0.0
268.5,219.0,836.061,44.4491,157.68,0.0,0.23300000000006094,0.0
268.0,219.0,836.293,44.4467,157.68,0.0,0.2319999999999709,0.0
267.5,219.0,836.526,44.4446,157.68,0.0,0.23299999999994725,0.0
267.5,219.0,836.759,44.4494,157.68,0.0,0.23300000000006094,0.0
267.5,219.0,836.991,44.4438,157.68,0.0,0.2319999999999709,0.0
267.5,219.0,837.224,44.4458,157.68,0.0,0.23300000000006094,0.0
267.25,219.0,837.457,44.4432,157.68,0.0,0.23299999999994725,0.0
267.25,219.0,837.689,44.4497,157.68,0.0,0.2319999999999709,0.0
267.0,219.0,837.922,44.4467,157.68,0.0,0.23300000000006094,0.0
266.75,219.0,838.155,44.4478,157.68,0.0,0.23299999999994725,0.0
266.75,219.0,838.389,44.4449,157.68,0.0,0.2340000000000373,0.0
266.0,219.0,838.622,44.4471,157.68,0.0,0.23299999999994725,0.0
266.25,219.0,838.855,44.4414,157.68,0.0,0.23300000000006094,0.0
265.75,219.0,839.087,44.4458,157.68,0.0,0.2319999999999709,0.0
266.0,219.0,839.32,44.4433,157.68,0.0,0.23300000000006094,0.0
266.0,219.0,839.553,44.4513,157.68,0.0,0.23299999999994725,0.0
265.25,219.0,839.785,44.4458,157.68,0.0,0.2319999999999709,0.0
265.25,219.0,840.018,44.4448,157.68,0.0,0.23300000000006094,0.0
265.25,219.0,840.251,44.4508,157.68,0.0,0.23299999999994725,0.0
265.25,219.0,840.483,44.4439,157.68,0.0,0.2319999999999709,0.0
264.25,219.0,840.716,44.4459,157.68,0.0,0.23300000000006094,0.0
264.75,219.0,840.949,44.4476,157.68,0.0,0.23299999999994725,0.0
264.5,219.0,841.181,44.4472,157.68,0.0,0.23200000000008458,0.0
264.25,219.0,841.414,44.444,157.68,0.0,0.23299999999994725,0.0
263.5,219.0,841.647,44.4468,157.68,0.0,0.23300000000006094,0.0
263.25,219.0,841.879,44.4454,157.68,0.0,0.2319999999999709,0.0
263.75,219.0,842.112,44.4448,157.68,0.0,0.23299999999994725,0.0
263.25,219.0,842.345,44.4502,157.68,0.0,0.23300000000006094,0.0
263.0,219.0,842.577,44.4468,157.68,0.0,0.2319999999999709,0.0
263.25,219.0,842.81,44.4461,157.68,0.0,0.23299999999994725,0.0
262.5,219.0,843.043,44.4476,157.68,0.0,0.23300000000006094,0.0
263.0,219.0,843.275,44.4509,157.68,0.0,0.2319999999999709,0.0
262.75,219.0,843.508,44.4482,157.68,0.0,0.23300000000006094,0.0
262.25,219.0,843.741,44.4453,157.68,0.0,0.23299999999994725,0.0
261.75,219.0,843.973,44.444,157.68,0.0,0.2319999999999709,0.0
262.25,219.0,844.206,44.4423,157.68,0.0,0.23300000000006094,0.0
262.25,219.0,844.439,44.4416,157.68,0.0,0.23299999999994725,0.0
261.75,219.0,844.671,44.453,157.68,0.0,0.23200000000008458,0.0
261.75,219.0,844.904,44.4459,157.68,0.0,0.23299999999994725,0.0
261.25,219.0,845.137,44.449,157.68,0.0,0.23299999999994725,0.0
261.0,219.0,845.369,44.4413,157.68,0.0,0.23200000000008458,0.0
261.0,219.0,845.602,44.4394,157.68,0.0,0.23299999999994725,0.0
261.0,219.0,845.835,44.448,157.68,0.0,0.23300000000006094,0.0
261.0,219.0,846.067,44.4526,157.68,0.0,0.2319999999999709,0.0
260.75,219.0,846.3,44.4452,157.68,0.0,0.23299999999994725,0.0
260.25,219.0,846.533,44.4474,157.68,0.0,0.23300000000006094,0.0
260.25,219.0,846.765,44.444,157.68,0.0,0.2319999999999709,0.0
260.0,219.0,846.998,44.4462,157.68,0.0,0.23300000000006094,0.0
259.75,219.0,847.231,44.4456,157.68,0.0,0.23299999999994725,0.0
260.0,219.0,847.463,44.4474,157.68,0.0,0.2319999999999709,0.0
259.5,219.0,847.696,44.4431,157.68,0.0,0.23300000000006094,0.0
259.25,219.0,847.929,44.4469,157.68,0.0,0.23299999999994725,0.0
259.0,219.0,848.161,44.4459,157.68,0.0,0.2319999999999709,0.0
258.25,219.0,848.394,44.4491,157.68,0.0,0.23300000000006094,0.0
258.0,219.0,848.627,44.4469,157.68,0.0,0.23299999999994725,0.0
258.5,219.0,848.859,44.4422,157.68,0.0,0.23200000000008458,0.0
258.25,219.0,849.092,44.4486,157.68,0.0,0.23299999999994725,0.0
257.75,219.0,849.325,44.4459,157.68,0.0,0.23300000000006094,0.0
257.25,219.0,849.557,44.4427,157.68,0.0,0.2319999999999709,0.0
257.75,219.0,849.79,44.4482,157.68,0.0,0.23299999999994725,0.0
257.25,219.0,850.023,44.4418,157.68,0.0,0.23300000000006094,0.0
257.25,219.0,850.255,44.4462,157.68,0.0,0.2319999999999709,0.0
257.0,219.0,850.488,44.4457,157.68,0.0,0.23300000000006094,0.0
256.25,219.0,850.721,44.4477,157.68,0.0,0.23299999999994725,0.0
256.5,219.0,850.953,44.4399,157.68,0.0,0.2319999999999709,0.0
256.5,219.0,851.186,44.4428,157.68,0.0,0.23300000000006094,0.0
256.5,219.0,851.419,44.4441,157.68,0.0,0.23299999999994725,0.0
256.5,219.0,851.651,44.4421,157.68,0.0,0.2319999999999709,0.0
255.75,219.0,851.884,44.4448,157.68,0.0,0.23300000000006094,0.0
255.5,219.0,852.117,44.4443,157.68,0.0,0.23299999999994725,0.0
255.5,219.0,852.349,44.4435,157.68,0.0,0.23200000000008458,0.0
255.5,219.0,852.582,44.448,157.68,0.0,0.23299999999994725,0.0
255.5,219.0,852.815,44.4438,157.68,0.0,0.23300000000006094,0.0
255.25,219.0,853.047,44.4444,157.68,0.0,0.2319999999999709,0.0
255.0,219.0,853.28,44.4471,157.68,0.0,0.23299999999994725,0.0
255.0,219.0,853.513,44.4448,157.68,0.0,0.23300000000006094,0.0
255.0,219.0,853.745,44.4475,157.68,0.0,0.2319999999999709,0.0
254.75,219.0,853.978,44.4443,157.68,0.0,0.23299999999994725,0.0
254.75,219.0,854.211,44.4497,157.68,0.0,0.23300000000006094,0.0
254.25,219.0,854.443,44.4478,157.68,0.0,0.2319999999999709,0.0
254.25,219.0,854.676,44.4454,157.68,0.0,0.23300000000006094,0.0
254.0,219.0,854.909,44.4416,157.68,0.0,0.23299999999994725,0.0
254.0,219.0,855.141,44.4387,157.68,0.0,0.2319999999999709,0.0
254.0,219.0,855.374,44.4419,157.68,0.0,0.23300000000006094,0.0
253.75,219.0,855.607,44.4392,157.68,0.0,0.23299999999994725,0.0
253.5,219.0,855.839,44.4487,157.68,0.0,0.23200000000008458,0.0
253.25,219.0,856.072,44.4486,157.68,0.0,0.23299999999994725,0.0
253.25,219.0,856.305,44.4471,157.68,0.0,0.23299999999994725,0.0
253.0,219.0,856.537,44.4431,157.68,0.0,0.23200000000008458,0.0
253.25,219.0,856.77,44.4456,157.68,0.0,0.23299999999994725,0.0
252.5,219.0,857.003,44.4421,157.68,0.0,0.23300000000006094,0.0
252.5,219.0,857.235,44.4454,157.68,0.0,0.2319999999999709,0.0
252.5,219.0,857.468,44.4411,157.68,0.0,0.23299999999994725,0.0
252.25,219.0,857.701,44.4452,157.68,0.0,0.23300000000006094,0.0
252.0,219.0,857.933,44.4454,157.68,0.0,0.2319999999999709,0.0
251.75,219.0,858.166,44.4469,157.68,0.0,0.23300000000006094,0.0
